id,report_type,report_text,activity,hazard,barrier,barrier_status,barrier_failure,sif_potential,sif_level,life_saving_rule,source_type
SYN-0001,UNSAFE_CONDITION,Technician started maintenance on the pump before energy isolation was verified. Prototype record 1.,Maintenance,Stored Energy,Energy Isolation,FAILED,not verified,true,HIGH,Energy Isolation,SYNTHETIC
SYN-0002,NEAR_MISS,Maintenance activity occurred near equipment and the supervisor recorded the observation. Prototype record 2.,Maintenance,,,UNKNOWN,,false,NON_SIF,,SYNTHETIC
SYN-0003,NEAR_MISS,Worker stood below a suspended load during crane lifting without barricading. Prototype record 3.,Lifting,Suspended Load,Barricading,FAILED,not used,true,HIGH,Line of Fire,SYNTHETIC
SYN-0004,UNSAFE_CONDITION,The designated walkway was cleaned after routine material handling. Prototype record 4.,Material Handling,,,UNKNOWN,,false,NON_SIF,,SYNTHETIC
SYN-0005,NEAR_MISS,Operator bypassed the rotating equipment interlock during operations. Prototype record 5.,Operations,Moving Machinery,Authorization,FAILED,bypassed,true,HIGH,Bypassing Safety Controls,SYNTHETIC
SYN-0006,NEAR_MISS,Approved lifting plan was reviewed by the competent person before the lift. Prototype record 6.,Lifting,Suspended Load,Lifting Plan,EFFECTIVE,,false,LOW,Safe Mechanical Lifting,SYNTHETIC
SYN-0007,UNSAFE_CONDITION,Worker used ladder at height without fall protection. Prototype record 7.,Work at Height,Fall Hazard,Fall Protection,FAILED,not used,true,HIGH,Working at Height,SYNTHETIC
SYN-0008,NEAR_MISS,Energy isolation was verified and documented before scheduled maintenance. Prototype record 8.,Maintenance,Stored Energy,Energy Isolation,EFFECTIVE,,false,LOW,Energy Isolation,SYNTHETIC
SYN-0009,NEAR_MISS,Technician started maintenance on the pump before energy isolation was verified. Prototype record 9.,Maintenance,Stored Energy,Energy Isolation,FAILED,not verified,true,HIGH,Energy Isolation,SYNTHETIC
SYN-0010,UNSAFE_CONDITION,Maintenance activity occurred near equipment and the supervisor recorded the observation. Prototype record 10.,Maintenance,,,UNKNOWN,,false,NON_SIF,,SYNTHETIC
SYN-0011,NEAR_MISS,Worker stood below a suspended load during crane lifting without barricading. Prototype record 11.,Lifting,Suspended Load,Barricading,FAILED,not used,true,HIGH,Line of Fire,SYNTHETIC
SYN-0012,NEAR_MISS,The designated walkway was cleaned after routine material handling. Prototype record 12.,Material Handling,,,UNKNOWN,,false,NON_SIF,,SYNTHETIC
SYN-0013,UNSAFE_CONDITION,Operator bypassed the rotating equipment interlock during operations. Prototype record 13.,Operations,Moving Machinery,Authorization,FAILED,bypassed,true,HIGH,Bypassing Safety Controls,SYNTHETIC
SYN-0014,NEAR_MISS,Approved lifting plan was reviewed by the competent person before the lift. Prototype record 14.,Lifting,Suspended Load,Lifting Plan,EFFECTIVE,,false,LOW,Safe Mechanical Lifting,SYNTHETIC
SYN-0015,NEAR_MISS,Worker used ladder at height without fall protection. Prototype record 15.,Work at Height,Fall Hazard,Fall Protection,FAILED,not used,true,HIGH,Working at Height,SYNTHETIC
SYN-0016,UNSAFE_CONDITION,Energy isolation was verified and documented before scheduled maintenance. Prototype record 16.,Maintenance,Stored Energy,Energy Isolation,EFFECTIVE,,false,LOW,Energy Isolation,SYNTHETIC
SYN-0017,NEAR_MISS,Technician started maintenance on the pump before energy isolation was verified. Prototype record 17.,Maintenance,Stored Energy,Energy Isolation,FAILED,not verified,true,HIGH,Energy Isolation,SYNTHETIC
SYN-0018,NEAR_MISS,Maintenance activity occurred near equipment and the supervisor recorded the observation. Prototype record 18.,Maintenance,,,UNKNOWN,,false,NON_SIF,,SYNTHETIC
SYN-0019,UNSAFE_CONDITION,Worker stood below a suspended load during crane lifting without barricading. Prototype record 19.,Lifting,Suspended Load,Barricading,FAILED,not used,true,HIGH,Line of Fire,SYNTHETIC
SYN-0020,NEAR_MISS,The designated walkway was cleaned after routine material handling. Prototype record 20.,Material Handling,,,UNKNOWN,,false,NON_SIF,,SYNTHETIC
SYN-0021,NEAR_MISS,Operator bypassed the rotating equipment interlock during operations. Prototype record 21.,Operations,Moving Machinery,Authorization,FAILED,bypassed,true,HIGH,Bypassing Safety Controls,SYNTHETIC
SYN-0022,UNSAFE_CONDITION,Approved lifting plan was reviewed by the competent person before the lift. Prototype record 22.,Lifting,Suspended Load,Lifting Plan,EFFECTIVE,,false,LOW,Safe Mechanical Lifting,SYNTHETIC
SYN-0023,NEAR_MISS,Worker used ladder at height without fall protection. Prototype record 23.,Work at Height,Fall Hazard,Fall Protection,FAILED,not used,true,HIGH,Working at Height,SYNTHETIC
SYN-0024,NEAR_MISS,Energy isolation was verified and documented before scheduled maintenance. Prototype record 24.,Maintenance,Stored Energy,Energy Isolation,EFFECTIVE,,false,LOW,Energy Isolation,SYNTHETIC
SYN-0025,UNSAFE_CONDITION,Technician started maintenance on the pump before energy isolation was verified. Prototype record 25.,Maintenance,Stored Energy,Energy Isolation,FAILED,not verified,true,HIGH,Energy Isolation,SYNTHETIC
SYN-0026,NEAR_MISS,Maintenance activity occurred near equipment and the supervisor recorded the observation. Prototype record 26.,Maintenance,,,UNKNOWN,,false,NON_SIF,,SYNTHETIC
SYN-0027,NEAR_MISS,Worker stood below a suspended load during crane lifting without barricading. Prototype record 27.,Lifting,Suspended Load,Barricading,FAILED,not used,true,HIGH,Line of Fire,SYNTHETIC
SYN-0028,UNSAFE_CONDITION,The designated walkway was cleaned after routine material handling. Prototype record 28.,Material Handling,,,UNKNOWN,,false,NON_SIF,,SYNTHETIC
SYN-0029,NEAR_MISS,Operator bypassed the rotating equipment interlock during operations. Prototype record 29.,Operations,Moving Machinery,Authorization,FAILED,bypassed,true,HIGH,Bypassing Safety Controls,SYNTHETIC
SYN-0030,NEAR_MISS,Approved lifting plan was reviewed by the competent person before the lift. Prototype record 30.,Lifting,Suspended Load,Lifting Plan,EFFECTIVE,,false,LOW,Safe Mechanical Lifting,SYNTHETIC
SYN-0031,UNSAFE_CONDITION,Worker used ladder at height without fall protection. Prototype record 31.,Work at Height,Fall Hazard,Fall Protection,FAILED,not used,true,HIGH,Working at Height,SYNTHETIC
SYN-0032,NEAR_MISS,Energy isolation was verified and documented before scheduled maintenance. Prototype record 32.,Maintenance,Stored Energy,Energy Isolation,EFFECTIVE,,false,LOW,Energy Isolation,SYNTHETIC
SYN-0033,NEAR_MISS,Technician started maintenance on the pump before energy isolation was verified. Prototype record 33.,Maintenance,Stored Energy,Energy Isolation,FAILED,not verified,true,HIGH,Energy Isolation,SYNTHETIC
SYN-0034,UNSAFE_CONDITION,Maintenance activity occurred near equipment and the supervisor recorded the observation. Prototype record 34.,Maintenance,,,UNKNOWN,,false,NON_SIF,,SYNTHETIC
SYN-0035,NEAR_MISS,Worker stood below a suspended load during crane lifting without barricading. Prototype record 35.,Lifting,Suspended Load,Barricading,FAILED,not used,true,HIGH,Line of Fire,SYNTHETIC
SYN-0036,NEAR_MISS,The designated walkway was cleaned after routine material handling. Prototype record 36.,Material Handling,,,UNKNOWN,,false,NON_SIF,,SYNTHETIC
SYN-0037,UNSAFE_CONDITION,Operator bypassed the rotating equipment interlock during operations. Prototype record 37.,Operations,Moving Machinery,Authorization,FAILED,bypassed,true,HIGH,Bypassing Safety Controls,SYNTHETIC
SYN-0038,NEAR_MISS,Approved lifting plan was reviewed by the competent person before the lift. Prototype record 38.,Lifting,Suspended Load,Lifting Plan,EFFECTIVE,,false,LOW,Safe Mechanical Lifting,SYNTHETIC
SYN-0039,NEAR_MISS,Worker used ladder at height without fall protection. Prototype record 39.,Work at Height,Fall Hazard,Fall Protection,FAILED,not used,true,HIGH,Working at Height,SYNTHETIC
SYN-0040,UNSAFE_CONDITION,Energy isolation was verified and documented before scheduled maintenance. Prototype record 40.,Maintenance,Stored Energy,Energy Isolation,EFFECTIVE,,false,LOW,Energy Isolation,SYNTHETIC
SYN-0041,NEAR_MISS,Technician started maintenance on the pump before energy isolation was verified. Prototype record 41.,Maintenance,Stored Energy,Energy Isolation,FAILED,not verified,true,HIGH,Energy Isolation,SYNTHETIC
SYN-0042,NEAR_MISS,Maintenance activity occurred near equipment and the supervisor recorded the observation. Prototype record 42.,Maintenance,,,UNKNOWN,,false,NON_SIF,,SYNTHETIC
SYN-0043,UNSAFE_CONDITION,Worker stood below a suspended load during crane lifting without barricading. Prototype record 43.,Lifting,Suspended Load,Barricading,FAILED,not used,true,HIGH,Line of Fire,SYNTHETIC
SYN-0044,NEAR_MISS,The designated walkway was cleaned after routine material handling. Prototype record 44.,Material Handling,,,UNKNOWN,,false,NON_SIF,,SYNTHETIC
SYN-0045,NEAR_MISS,Operator bypassed the rotating equipment interlock during operations. Prototype record 45.,Operations,Moving Machinery,Authorization,FAILED,bypassed,true,HIGH,Bypassing Safety Controls,SYNTHETIC
SYN-0046,UNSAFE_CONDITION,Approved lifting plan was reviewed by the competent person before the lift. Prototype record 46.,Lifting,Suspended Load,Lifting Plan,EFFECTIVE,,false,LOW,Safe Mechanical Lifting,SYNTHETIC
SYN-0047,NEAR_MISS,Worker used ladder at height without fall protection. Prototype record 47.,Work at Height,Fall Hazard,Fall Protection,FAILED,not used,true,HIGH,Working at Height,SYNTHETIC
SYN-0048,NEAR_MISS,Energy isolation was verified and documented before scheduled maintenance. Prototype record 48.,Maintenance,Stored Energy,Energy Isolation,EFFECTIVE,,false,LOW,Energy Isolation,SYNTHETIC
SYN-0049,UNSAFE_CONDITION,Technician started maintenance on the pump before energy isolation was verified. Prototype record 49.,Maintenance,Stored Energy,Energy Isolation,FAILED,not verified,true,HIGH,Energy Isolation,SYNTHETIC
SYN-0050,NEAR_MISS,Maintenance activity occurred near equipment and the supervisor recorded the observation. Prototype record 50.,Maintenance,,,UNKNOWN,,false,NON_SIF,,SYNTHETIC
SYN-0051,NEAR_MISS,Worker stood below a suspended load during crane lifting without barricading. Prototype record 51.,Lifting,Suspended Load,Barricading,FAILED,not used,true,HIGH,Line of Fire,SYNTHETIC
SYN-0052,UNSAFE_CONDITION,The designated walkway was cleaned after routine material handling. Prototype record 52.,Material Handling,,,UNKNOWN,,false,NON_SIF,,SYNTHETIC
SYN-0053,NEAR_MISS,Operator bypassed the rotating equipment interlock during operations. Prototype record 53.,Operations,Moving Machinery,Authorization,FAILED,bypassed,true,HIGH,Bypassing Safety Controls,SYNTHETIC
SYN-0054,NEAR_MISS,Approved lifting plan was reviewed by the competent person before the lift. Prototype record 54.,Lifting,Suspended Load,Lifting Plan,EFFECTIVE,,false,LOW,Safe Mechanical Lifting,SYNTHETIC
SYN-0055,UNSAFE_CONDITION,Worker used ladder at height without fall protection. Prototype record 55.,Work at Height,Fall Hazard,Fall Protection,FAILED,not used,true,HIGH,Working at Height,SYNTHETIC
SYN-0056,NEAR_MISS,Energy isolation was verified and documented before scheduled maintenance. Prototype record 56.,Maintenance,Stored Energy,Energy Isolation,EFFECTIVE,,false,LOW,Energy Isolation,SYNTHETIC
SYN-0057,NEAR_MISS,Technician started maintenance on the pump before energy isolation was verified. Prototype record 57.,Maintenance,Stored Energy,Energy Isolation,FAILED,not verified,true,HIGH,Energy Isolation,SYNTHETIC
SYN-0058,UNSAFE_CONDITION,Maintenance activity occurred near equipment and the supervisor recorded the observation. Prototype record 58.,Maintenance,,,UNKNOWN,,false,NON_SIF,,SYNTHETIC
SYN-0059,NEAR_MISS,Worker stood below a suspended load during crane lifting without barricading. Prototype record 59.,Lifting,Suspended Load,Barricading,FAILED,not used,true,HIGH,Line of Fire,SYNTHETIC
SYN-0060,NEAR_MISS,The designated walkway was cleaned after routine material handling. Prototype record 60.,Material Handling,,,UNKNOWN,,false,NON_SIF,,SYNTHETIC
SYN-0061,UNSAFE_CONDITION,Operator bypassed the rotating equipment interlock during operations. Prototype record 61.,Operations,Moving Machinery,Authorization,FAILED,bypassed,true,HIGH,Bypassing Safety Controls,SYNTHETIC
SYN-0062,NEAR_MISS,Approved lifting plan was reviewed by the competent person before the lift. Prototype record 62.,Lifting,Suspended Load,Lifting Plan,EFFECTIVE,,false,LOW,Safe Mechanical Lifting,SYNTHETIC
SYN-0063,NEAR_MISS,Worker used ladder at height without fall protection. Prototype record 63.,Work at Height,Fall Hazard,Fall Protection,FAILED,not used,true,HIGH,Working at Height,SYNTHETIC
SYN-0064,UNSAFE_CONDITION,Energy isolation was verified and documented before scheduled maintenance. Prototype record 64.,Maintenance,Stored Energy,Energy Isolation,EFFECTIVE,,false,LOW,Energy Isolation,SYNTHETIC
SYN-0065,NEAR_MISS,Technician started maintenance on the pump before energy isolation was verified. Prototype record 65.,Maintenance,Stored Energy,Energy Isolation,FAILED,not verified,true,HIGH,Energy Isolation,SYNTHETIC
SYN-0066,NEAR_MISS,Maintenance activity occurred near equipment and the supervisor recorded the observation. Prototype record 66.,Maintenance,,,UNKNOWN,,false,NON_SIF,,SYNTHETIC
SYN-0067,UNSAFE_CONDITION,Worker stood below a suspended load during crane lifting without barricading. Prototype record 67.,Lifting,Suspended Load,Barricading,FAILED,not used,true,HIGH,Line of Fire,SYNTHETIC
SYN-0068,NEAR_MISS,The designated walkway was cleaned after routine material handling. Prototype record 68.,Material Handling,,,UNKNOWN,,false,NON_SIF,,SYNTHETIC
SYN-0069,NEAR_MISS,Operator bypassed the rotating equipment interlock during operations. Prototype record 69.,Operations,Moving Machinery,Authorization,FAILED,bypassed,true,HIGH,Bypassing Safety Controls,SYNTHETIC
SYN-0070,UNSAFE_CONDITION,Approved lifting plan was reviewed by the competent person before the lift. Prototype record 70.,Lifting,Suspended Load,Lifting Plan,EFFECTIVE,,false,LOW,Safe Mechanical Lifting,SYNTHETIC
SYN-0071,NEAR_MISS,Worker used ladder at height without fall protection. Prototype record 71.,Work at Height,Fall Hazard,Fall Protection,FAILED,not used,true,HIGH,Working at Height,SYNTHETIC
SYN-0072,NEAR_MISS,Energy isolation was verified and documented before scheduled maintenance. Prototype record 72.,Maintenance,Stored Energy,Energy Isolation,EFFECTIVE,,false,LOW,Energy Isolation,SYNTHETIC
SYN-0073,UNSAFE_CONDITION,Technician started maintenance on the pump before energy isolation was verified. Prototype record 73.,Maintenance,Stored Energy,Energy Isolation,FAILED,not verified,true,HIGH,Energy Isolation,SYNTHETIC
SYN-0074,NEAR_MISS,Maintenance activity occurred near equipment and the supervisor recorded the observation. Prototype record 74.,Maintenance,,,UNKNOWN,,false,NON_SIF,,SYNTHETIC
SYN-0075,NEAR_MISS,Worker stood below a suspended load during crane lifting without barricading. Prototype record 75.,Lifting,Suspended Load,Barricading,FAILED,not used,true,HIGH,Line of Fire,SYNTHETIC
SYN-0076,UNSAFE_CONDITION,The designated walkway was cleaned after routine material handling. Prototype record 76.,Material Handling,,,UNKNOWN,,false,NON_SIF,,SYNTHETIC
SYN-0077,NEAR_MISS,Operator bypassed the rotating equipment interlock during operations. Prototype record 77.,Operations,Moving Machinery,Authorization,FAILED,bypassed,true,HIGH,Bypassing Safety Controls,SYNTHETIC
SYN-0078,NEAR_MISS,Approved lifting plan was reviewed by the competent person before the lift. Prototype record 78.,Lifting,Suspended Load,Lifting Plan,EFFECTIVE,,false,LOW,Safe Mechanical Lifting,SYNTHETIC
SYN-0079,UNSAFE_CONDITION,Worker used ladder at height without fall protection. Prototype record 79.,Work at Height,Fall Hazard,Fall Protection,FAILED,not used,true,HIGH,Working at Height,SYNTHETIC
SYN-0080,NEAR_MISS,Energy isolation was verified and documented before scheduled maintenance. Prototype record 80.,Maintenance,Stored Energy,Energy Isolation,EFFECTIVE,,false,LOW,Energy Isolation,SYNTHETIC
SYN-0081,NEAR_MISS,Technician started maintenance on the pump before energy isolation was verified. Prototype record 81.,Maintenance,Stored Energy,Energy Isolation,FAILED,not verified,true,HIGH,Energy Isolation,SYNTHETIC
SYN-0082,UNSAFE_CONDITION,Maintenance activity occurred near equipment and the supervisor recorded the observation. Prototype record 82.,Maintenance,,,UNKNOWN,,false,NON_SIF,,SYNTHETIC
SYN-0083,NEAR_MISS,Worker stood below a suspended load during crane lifting without barricading. Prototype record 83.,Lifting,Suspended Load,Barricading,FAILED,not used,true,HIGH,Line of Fire,SYNTHETIC
SYN-0084,NEAR_MISS,The designated walkway was cleaned after routine material handling. Prototype record 84.,Material Handling,,,UNKNOWN,,false,NON_SIF,,SYNTHETIC
SYN-0085,UNSAFE_CONDITION,Operator bypassed the rotating equipment interlock during operations. Prototype record 85.,Operations,Moving Machinery,Authorization,FAILED,bypassed,true,HIGH,Bypassing Safety Controls,SYNTHETIC
SYN-0086,NEAR_MISS,Approved lifting plan was reviewed by the competent person before the lift. Prototype record 86.,Lifting,Suspended Load,Lifting Plan,EFFECTIVE,,false,LOW,Safe Mechanical Lifting,SYNTHETIC
SYN-0087,NEAR_MISS,Worker used ladder at height without fall protection. Prototype record 87.,Work at Height,Fall Hazard,Fall Protection,FAILED,not used,true,HIGH,Working at Height,SYNTHETIC
SYN-0088,UNSAFE_CONDITION,Energy isolation was verified and documented before scheduled maintenance. Prototype record 88.,Maintenance,Stored Energy,Energy Isolation,EFFECTIVE,,false,LOW,Energy Isolation,SYNTHETIC
SYN-0089,NEAR_MISS,Technician started maintenance on the pump before energy isolation was verified. Prototype record 89.,Maintenance,Stored Energy,Energy Isolation,FAILED,not verified,true,HIGH,Energy Isolation,SYNTHETIC
SYN-0090,NEAR_MISS,Maintenance activity occurred near equipment and the supervisor recorded the observation. Prototype record 90.,Maintenance,,,UNKNOWN,,false,NON_SIF,,SYNTHETIC
SYN-0091,UNSAFE_CONDITION,Worker stood below a suspended load during crane lifting without barricading. Prototype record 91.,Lifting,Suspended Load,Barricading,FAILED,not used,true,HIGH,Line of Fire,SYNTHETIC
SYN-0092,NEAR_MISS,The designated walkway was cleaned after routine material handling. Prototype record 92.,Material Handling,,,UNKNOWN,,false,NON_SIF,,SYNTHETIC
SYN-0093,NEAR_MISS,Operator bypassed the rotating equipment interlock during operations. Prototype record 93.,Operations,Moving Machinery,Authorization,FAILED,bypassed,true,HIGH,Bypassing Safety Controls,SYNTHETIC
SYN-0094,UNSAFE_CONDITION,Approved lifting plan was reviewed by the competent person before the lift. Prototype record 94.,Lifting,Suspended Load,Lifting Plan,EFFECTIVE,,false,LOW,Safe Mechanical Lifting,SYNTHETIC
SYN-0095,NEAR_MISS,Worker used ladder at height without fall protection. Prototype record 95.,Work at Height,Fall Hazard,Fall Protection,FAILED,not used,true,HIGH,Working at Height,SYNTHETIC
SYN-0096,NEAR_MISS,Energy isolation was verified and documented before scheduled maintenance. Prototype record 96.,Maintenance,Stored Energy,Energy Isolation,EFFECTIVE,,false,LOW,Energy Isolation,SYNTHETIC
SYN-0097,UNSAFE_CONDITION,Technician started maintenance on the pump before energy isolation was verified. Prototype record 97.,Maintenance,Stored Energy,Energy Isolation,FAILED,not verified,true,HIGH,Energy Isolation,SYNTHETIC
SYN-0098,NEAR_MISS,Maintenance activity occurred near equipment and the supervisor recorded the observation. Prototype record 98.,Maintenance,,,UNKNOWN,,false,NON_SIF,,SYNTHETIC
SYN-0099,NEAR_MISS,Worker stood below a suspended load during crane lifting without barricading. Prototype record 99.,Lifting,Suspended Load,Barricading,FAILED,not used,true,HIGH,Line of Fire,SYNTHETIC
SYN-0100,UNSAFE_CONDITION,The designated walkway was cleaned after routine material handling. Prototype record 100.,Material Handling,,,UNKNOWN,,false,NON_SIF,,SYNTHETIC
SYN-0101,NEAR_MISS,Operator bypassed the rotating equipment interlock during operations. Prototype record 101.,Operations,Moving Machinery,Authorization,FAILED,bypassed,true,HIGH,Bypassing Safety Controls,SYNTHETIC
SYN-0102,NEAR_MISS,Approved lifting plan was reviewed by the competent person before the lift. Prototype record 102.,Lifting,Suspended Load,Lifting Plan,EFFECTIVE,,false,LOW,Safe Mechanical Lifting,SYNTHETIC
SYN-0103,UNSAFE_CONDITION,Worker used ladder at height without fall protection. Prototype record 103.,Work at Height,Fall Hazard,Fall Protection,FAILED,not used,true,HIGH,Working at Height,SYNTHETIC
SYN-0104,NEAR_MISS,Energy isolation was verified and documented before scheduled maintenance. Prototype record 104.,Maintenance,Stored Energy,Energy Isolation,EFFECTIVE,,false,LOW,Energy Isolation,SYNTHETIC
SYN-0105,NEAR_MISS,Technician started maintenance on the pump before energy isolation was verified. Prototype record 105.,Maintenance,Stored Energy,Energy Isolation,FAILED,not verified,true,HIGH,Energy Isolation,SYNTHETIC
SYN-0106,UNSAFE_CONDITION,Maintenance activity occurred near equipment and the supervisor recorded the observation. Prototype record 106.,Maintenance,,,UNKNOWN,,false,NON_SIF,,SYNTHETIC
SYN-0107,NEAR_MISS,Worker stood below a suspended load during crane lifting without barricading. Prototype record 107.,Lifting,Suspended Load,Barricading,FAILED,not used,true,HIGH,Line of Fire,SYNTHETIC
SYN-0108,NEAR_MISS,The designated walkway was cleaned after routine material handling. Prototype record 108.,Material Handling,,,UNKNOWN,,false,NON_SIF,,SYNTHETIC
SYN-0109,UNSAFE_CONDITION,Operator bypassed the rotating equipment interlock during operations. Prototype record 109.,Operations,Moving Machinery,Authorization,FAILED,bypassed,true,HIGH,Bypassing Safety Controls,SYNTHETIC
SYN-0110,NEAR_MISS,Approved lifting plan was reviewed by the competent person before the lift. Prototype record 110.,Lifting,Suspended Load,Lifting Plan,EFFECTIVE,,false,LOW,Safe Mechanical Lifting,SYNTHETIC
SYN-0111,NEAR_MISS,Worker used ladder at height without fall protection. Prototype record 111.,Work at Height,Fall Hazard,Fall Protection,FAILED,not used,true,HIGH,Working at Height,SYNTHETIC
SYN-0112,UNSAFE_CONDITION,Energy isolation was verified and documented before scheduled maintenance. Prototype record 112.,Maintenance,Stored Energy,Energy Isolation,EFFECTIVE,,false,LOW,Energy Isolation,SYNTHETIC
SYN-0113,NEAR_MISS,Technician started maintenance on the pump before energy isolation was verified. Prototype record 113.,Maintenance,Stored Energy,Energy Isolation,FAILED,not verified,true,HIGH,Energy Isolation,SYNTHETIC
SYN-0114,NEAR_MISS,Maintenance activity occurred near equipment and the supervisor recorded the observation. Prototype record 114.,Maintenance,,,UNKNOWN,,false,NON_SIF,,SYNTHETIC
SYN-0115,UNSAFE_CONDITION,Worker stood below a suspended load during crane lifting without barricading. Prototype record 115.,Lifting,Suspended Load,Barricading,FAILED,not used,true,HIGH,Line of Fire,SYNTHETIC
SYN-0116,NEAR_MISS,The designated walkway was cleaned after routine material handling. Prototype record 116.,Material Handling,,,UNKNOWN,,false,NON_SIF,,SYNTHETIC
SYN-0117,NEAR_MISS,Operator bypassed the rotating equipment interlock during operations. Prototype record 117.,Operations,Moving Machinery,Authorization,FAILED,bypassed,true,HIGH,Bypassing Safety Controls,SYNTHETIC
SYN-0118,UNSAFE_CONDITION,Approved lifting plan was reviewed by the competent person before the lift. Prototype record 118.,Lifting,Suspended Load,Lifting Plan,EFFECTIVE,,false,LOW,Safe Mechanical Lifting,SYNTHETIC
SYN-0119,NEAR_MISS,Worker used ladder at height without fall protection. Prototype record 119.,Work at Height,Fall Hazard,Fall Protection,FAILED,not used,true,HIGH,Working at Height,SYNTHETIC
SYN-0120,NEAR_MISS,Energy isolation was verified and documented before scheduled maintenance. Prototype record 120.,Maintenance,Stored Energy,Energy Isolation,EFFECTIVE,,false,LOW,Energy Isolation,SYNTHETIC
SYN-0121,UNSAFE_CONDITION,Technician started maintenance on the pump before energy isolation was verified. Prototype record 121.,Maintenance,Stored Energy,Energy Isolation,FAILED,not verified,true,HIGH,Energy Isolation,SYNTHETIC
SYN-0122,NEAR_MISS,Maintenance activity occurred near equipment and the supervisor recorded the observation. Prototype record 122.,Maintenance,,,UNKNOWN,,false,NON_SIF,,SYNTHETIC
SYN-0123,NEAR_MISS,Worker stood below a suspended load during crane lifting without barricading. Prototype record 123.,Lifting,Suspended Load,Barricading,FAILED,not used,true,HIGH,Line of Fire,SYNTHETIC
SYN-0124,UNSAFE_CONDITION,The designated walkway was cleaned after routine material handling. Prototype record 124.,Material Handling,,,UNKNOWN,,false,NON_SIF,,SYNTHETIC
SYN-0125,NEAR_MISS,Operator bypassed the rotating equipment interlock during operations. Prototype record 125.,Operations,Moving Machinery,Authorization,FAILED,bypassed,true,HIGH,Bypassing Safety Controls,SYNTHETIC
SYN-0126,NEAR_MISS,Approved lifting plan was reviewed by the competent person before the lift. Prototype record 126.,Lifting,Suspended Load,Lifting Plan,EFFECTIVE,,false,LOW,Safe Mechanical Lifting,SYNTHETIC
SYN-0127,UNSAFE_CONDITION,Worker used ladder at height without fall protection. Prototype record 127.,Work at Height,Fall Hazard,Fall Protection,FAILED,not used,true,HIGH,Working at Height,SYNTHETIC
SYN-0128,NEAR_MISS,Energy isolation was verified and documented before scheduled maintenance. Prototype record 128.,Maintenance,Stored Energy,Energy Isolation,EFFECTIVE,,false,LOW,Energy Isolation,SYNTHETIC
SYN-0129,NEAR_MISS,Technician started maintenance on the pump before energy isolation was verified. Prototype record 129.,Maintenance,Stored Energy,Energy Isolation,FAILED,not verified,true,HIGH,Energy Isolation,SYNTHETIC
SYN-0130,UNSAFE_CONDITION,Maintenance activity occurred near equipment and the supervisor recorded the observation. Prototype record 130.,Maintenance,,,UNKNOWN,,false,NON_SIF,,SYNTHETIC
SYN-0131,NEAR_MISS,Worker stood below a suspended load during crane lifting without barricading. Prototype record 131.,Lifting,Suspended Load,Barricading,FAILED,not used,true,HIGH,Line of Fire,SYNTHETIC
SYN-0132,NEAR_MISS,The designated walkway was cleaned after routine material handling. Prototype record 132.,Material Handling,,,UNKNOWN,,false,NON_SIF,,SYNTHETIC
SYN-0133,UNSAFE_CONDITION,Operator bypassed the rotating equipment interlock during operations. Prototype record 133.,Operations,Moving Machinery,Authorization,FAILED,bypassed,true,HIGH,Bypassing Safety Controls,SYNTHETIC
SYN-0134,NEAR_MISS,Approved lifting plan was reviewed by the competent person before the lift. Prototype record 134.,Lifting,Suspended Load,Lifting Plan,EFFECTIVE,,false,LOW,Safe Mechanical Lifting,SYNTHETIC
SYN-0135,NEAR_MISS,Worker used ladder at height without fall protection. Prototype record 135.,Work at Height,Fall Hazard,Fall Protection,FAILED,not used,true,HIGH,Working at Height,SYNTHETIC
SYN-0136,UNSAFE_CONDITION,Energy isolation was verified and documented before scheduled maintenance. Prototype record 136.,Maintenance,Stored Energy,Energy Isolation,EFFECTIVE,,false,LOW,Energy Isolation,SYNTHETIC
SYN-0137,NEAR_MISS,Technician started maintenance on the pump before energy isolation was verified. Prototype record 137.,Maintenance,Stored Energy,Energy Isolation,FAILED,not verified,true,HIGH,Energy Isolation,SYNTHETIC
SYN-0138,NEAR_MISS,Maintenance activity occurred near equipment and the supervisor recorded the observation. Prototype record 138.,Maintenance,,,UNKNOWN,,false,NON_SIF,,SYNTHETIC
SYN-0139,UNSAFE_CONDITION,Worker stood below a suspended load during crane lifting without barricading. Prototype record 139.,Lifting,Suspended Load,Barricading,FAILED,not used,true,HIGH,Line of Fire,SYNTHETIC
SYN-0140,NEAR_MISS,The designated walkway was cleaned after routine material handling. Prototype record 140.,Material Handling,,,UNKNOWN,,false,NON_SIF,,SYNTHETIC
SYN-0141,NEAR_MISS,Operator bypassed the rotating equipment interlock during operations. Prototype record 141.,Operations,Moving Machinery,Authorization,FAILED,bypassed,true,HIGH,Bypassing Safety Controls,SYNTHETIC
SYN-0142,UNSAFE_CONDITION,Approved lifting plan was reviewed by the competent person before the lift. Prototype record 142.,Lifting,Suspended Load,Lifting Plan,EFFECTIVE,,false,LOW,Safe Mechanical Lifting,SYNTHETIC
SYN-0143,NEAR_MISS,Worker used ladder at height without fall protection. Prototype record 143.,Work at Height,Fall Hazard,Fall Protection,FAILED,not used,true,HIGH,Working at Height,SYNTHETIC
SYN-0144,NEAR_MISS,Energy isolation was verified and documented before scheduled maintenance. Prototype record 144.,Maintenance,Stored Energy,Energy Isolation,EFFECTIVE,,false,LOW,Energy Isolation,SYNTHETIC
SYN-0145,UNSAFE_CONDITION,Technician started maintenance on the pump before energy isolation was verified. Prototype record 145.,Maintenance,Stored Energy,Energy Isolation,FAILED,not verified,true,HIGH,Energy Isolation,SYNTHETIC
SYN-0146,NEAR_MISS,Maintenance activity occurred near equipment and the supervisor recorded the observation. Prototype record 146.,Maintenance,,,UNKNOWN,,false,NON_SIF,,SYNTHETIC
SYN-0147,NEAR_MISS,Worker stood below a suspended load during crane lifting without barricading. Prototype record 147.,Lifting,Suspended Load,Barricading,FAILED,not used,true,HIGH,Line of Fire,SYNTHETIC
SYN-0148,UNSAFE_CONDITION,The designated walkway was cleaned after routine material handling. Prototype record 148.,Material Handling,,,UNKNOWN,,false,NON_SIF,,SYNTHETIC
SYN-0149,NEAR_MISS,Operator bypassed the rotating equipment interlock during operations. Prototype record 149.,Operations,Moving Machinery,Authorization,FAILED,bypassed,true,HIGH,Bypassing Safety Controls,SYNTHETIC
SYN-0150,NEAR_MISS,Approved lifting plan was reviewed by the competent person before the lift. Prototype record 150.,Lifting,Suspended Load,Lifting Plan,EFFECTIVE,,false,LOW,Safe Mechanical Lifting,SYNTHETIC
SYN-0151,UNSAFE_CONDITION,Worker used ladder at height without fall protection. Prototype record 151.,Work at Height,Fall Hazard,Fall Protection,FAILED,not used,true,HIGH,Working at Height,SYNTHETIC
SYN-0152,NEAR_MISS,Energy isolation was verified and documented before scheduled maintenance. Prototype record 152.,Maintenance,Stored Energy,Energy Isolation,EFFECTIVE,,false,LOW,Energy Isolation,SYNTHETIC
SYN-0153,NEAR_MISS,Technician started maintenance on the pump before energy isolation was verified. Prototype record 153.,Maintenance,Stored Energy,Energy Isolation,FAILED,not verified,true,HIGH,Energy Isolation,SYNTHETIC
SYN-0154,UNSAFE_CONDITION,Maintenance activity occurred near equipment and the supervisor recorded the observation. Prototype record 154.,Maintenance,,,UNKNOWN,,false,NON_SIF,,SYNTHETIC
SYN-0155,NEAR_MISS,Worker stood below a suspended load during crane lifting without barricading. Prototype record 155.,Lifting,Suspended Load,Barricading,FAILED,not used,true,HIGH,Line of Fire,SYNTHETIC
SYN-0156,NEAR_MISS,The designated walkway was cleaned after routine material handling. Prototype record 156.,Material Handling,,,UNKNOWN,,false,NON_SIF,,SYNTHETIC
SYN-0157,UNSAFE_CONDITION,Operator bypassed the rotating equipment interlock during operations. Prototype record 157.,Operations,Moving Machinery,Authorization,FAILED,bypassed,true,HIGH,Bypassing Safety Controls,SYNTHETIC
SYN-0158,NEAR_MISS,Approved lifting plan was reviewed by the competent person before the lift. Prototype record 158.,Lifting,Suspended Load,Lifting Plan,EFFECTIVE,,false,LOW,Safe Mechanical Lifting,SYNTHETIC
SYN-0159,NEAR_MISS,Worker used ladder at height without fall protection. Prototype record 159.,Work at Height,Fall Hazard,Fall Protection,FAILED,not used,true,HIGH,Working at Height,SYNTHETIC
SYN-0160,UNSAFE_CONDITION,Energy isolation was verified and documented before scheduled maintenance. Prototype record 160.,Maintenance,Stored Energy,Energy Isolation,EFFECTIVE,,false,LOW,Energy Isolation,SYNTHETIC
SYN-0161,NEAR_MISS,Technician started maintenance on the pump before energy isolation was verified. Prototype record 161.,Maintenance,Stored Energy,Energy Isolation,FAILED,not verified,true,HIGH,Energy Isolation,SYNTHETIC
SYN-0162,NEAR_MISS,Maintenance activity occurred near equipment and the supervisor recorded the observation. Prototype record 162.,Maintenance,,,UNKNOWN,,false,NON_SIF,,SYNTHETIC
SYN-0163,UNSAFE_CONDITION,Worker stood below a suspended load during crane lifting without barricading. Prototype record 163.,Lifting,Suspended Load,Barricading,FAILED,not used,true,HIGH,Line of Fire,SYNTHETIC
SYN-0164,NEAR_MISS,The designated walkway was cleaned after routine material handling. Prototype record 164.,Material Handling,,,UNKNOWN,,false,NON_SIF,,SYNTHETIC
SYN-0165,NEAR_MISS,Operator bypassed the rotating equipment interlock during operations. Prototype record 165.,Operations,Moving Machinery,Authorization,FAILED,bypassed,true,HIGH,Bypassing Safety Controls,SYNTHETIC
SYN-0166,UNSAFE_CONDITION,Approved lifting plan was reviewed by the competent person before the lift. Prototype record 166.,Lifting,Suspended Load,Lifting Plan,EFFECTIVE,,false,LOW,Safe Mechanical Lifting,SYNTHETIC
SYN-0167,NEAR_MISS,Worker used ladder at height without fall protection. Prototype record 167.,Work at Height,Fall Hazard,Fall Protection,FAILED,not used,true,HIGH,Working at Height,SYNTHETIC
SYN-0168,NEAR_MISS,Energy isolation was verified and documented before scheduled maintenance. Prototype record 168.,Maintenance,Stored Energy,Energy Isolation,EFFECTIVE,,false,LOW,Energy Isolation,SYNTHETIC
SYN-0169,UNSAFE_CONDITION,Technician started maintenance on the pump before energy isolation was verified. Prototype record 169.,Maintenance,Stored Energy,Energy Isolation,FAILED,not verified,true,HIGH,Energy Isolation,SYNTHETIC
SYN-0170,NEAR_MISS,Maintenance activity occurred near equipment and the supervisor recorded the observation. Prototype record 170.,Maintenance,,,UNKNOWN,,false,NON_SIF,,SYNTHETIC
SYN-0171,NEAR_MISS,Worker stood below a suspended load during crane lifting without barricading. Prototype record 171.,Lifting,Suspended Load,Barricading,FAILED,not used,true,HIGH,Line of Fire,SYNTHETIC
SYN-0172,UNSAFE_CONDITION,The designated walkway was cleaned after routine material handling. Prototype record 172.,Material Handling,,,UNKNOWN,,false,NON_SIF,,SYNTHETIC
SYN-0173,NEAR_MISS,Operator bypassed the rotating equipment interlock during operations. Prototype record 173.,Operations,Moving Machinery,Authorization,FAILED,bypassed,true,HIGH,Bypassing Safety Controls,SYNTHETIC
SYN-0174,NEAR_MISS,Approved lifting plan was reviewed by the competent person before the lift. Prototype record 174.,Lifting,Suspended Load,Lifting Plan,EFFECTIVE,,false,LOW,Safe Mechanical Lifting,SYNTHETIC
SYN-0175,UNSAFE_CONDITION,Worker used ladder at height without fall protection. Prototype record 175.,Work at Height,Fall Hazard,Fall Protection,FAILED,not used,true,HIGH,Working at Height,SYNTHETIC
SYN-0176,NEAR_MISS,Energy isolation was verified and documented before scheduled maintenance. Prototype record 176.,Maintenance,Stored Energy,Energy Isolation,EFFECTIVE,,false,LOW,Energy Isolation,SYNTHETIC
SYN-0177,NEAR_MISS,Technician started maintenance on the pump before energy isolation was verified. Prototype record 177.,Maintenance,Stored Energy,Energy Isolation,FAILED,not verified,true,HIGH,Energy Isolation,SYNTHETIC
SYN-0178,UNSAFE_CONDITION,Maintenance activity occurred near equipment and the supervisor recorded the observation. Prototype record 178.,Maintenance,,,UNKNOWN,,false,NON_SIF,,SYNTHETIC
SYN-0179,NEAR_MISS,Worker stood below a suspended load during crane lifting without barricading. Prototype record 179.,Lifting,Suspended Load,Barricading,FAILED,not used,true,HIGH,Line of Fire,SYNTHETIC
SYN-0180,NEAR_MISS,The designated walkway was cleaned after routine material handling. Prototype record 180.,Material Handling,,,UNKNOWN,,false,NON_SIF,,SYNTHETIC
SYN-0181,UNSAFE_CONDITION,Operator bypassed the rotating equipment interlock during operations. Prototype record 181.,Operations,Moving Machinery,Authorization,FAILED,bypassed,true,HIGH,Bypassing Safety Controls,SYNTHETIC
SYN-0182,NEAR_MISS,Approved lifting plan was reviewed by the competent person before the lift. Prototype record 182.,Lifting,Suspended Load,Lifting Plan,EFFECTIVE,,false,LOW,Safe Mechanical Lifting,SYNTHETIC
SYN-0183,NEAR_MISS,Worker used ladder at height without fall protection. Prototype record 183.,Work at Height,Fall Hazard,Fall Protection,FAILED,not used,true,HIGH,Working at Height,SYNTHETIC
SYN-0184,UNSAFE_CONDITION,Energy isolation was verified and documented before scheduled maintenance. Prototype record 184.,Maintenance,Stored Energy,Energy Isolation,EFFECTIVE,,false,LOW,Energy Isolation,SYNTHETIC
SYN-0185,NEAR_MISS,Technician started maintenance on the pump before energy isolation was verified. Prototype record 185.,Maintenance,Stored Energy,Energy Isolation,FAILED,not verified,true,HIGH,Energy Isolation,SYNTHETIC
SYN-0186,NEAR_MISS,Maintenance activity occurred near equipment and the supervisor recorded the observation. Prototype record 186.,Maintenance,,,UNKNOWN,,false,NON_SIF,,SYNTHETIC
SYN-0187,UNSAFE_CONDITION,Worker stood below a suspended load during crane lifting without barricading. Prototype record 187.,Lifting,Suspended Load,Barricading,FAILED,not used,true,HIGH,Line of Fire,SYNTHETIC
SYN-0188,NEAR_MISS,The designated walkway was cleaned after routine material handling. Prototype record 188.,Material Handling,,,UNKNOWN,,false,NON_SIF,,SYNTHETIC
SYN-0189,NEAR_MISS,Operator bypassed the rotating equipment interlock during operations. Prototype record 189.,Operations,Moving Machinery,Authorization,FAILED,bypassed,true,HIGH,Bypassing Safety Controls,SYNTHETIC
SYN-0190,UNSAFE_CONDITION,Approved lifting plan was reviewed by the competent person before the lift. Prototype record 190.,Lifting,Suspended Load,Lifting Plan,EFFECTIVE,,false,LOW,Safe Mechanical Lifting,SYNTHETIC
SYN-0191,NEAR_MISS,Worker used ladder at height without fall protection. Prototype record 191.,Work at Height,Fall Hazard,Fall Protection,FAILED,not used,true,HIGH,Working at Height,SYNTHETIC
SYN-0192,NEAR_MISS,Energy isolation was verified and documented before scheduled maintenance. Prototype record 192.,Maintenance,Stored Energy,Energy Isolation,EFFECTIVE,,false,LOW,Energy Isolation,SYNTHETIC
SYN-0193,UNSAFE_CONDITION,Technician started maintenance on the pump before energy isolation was verified. Prototype record 193.,Maintenance,Stored Energy,Energy Isolation,FAILED,not verified,true,HIGH,Energy Isolation,SYNTHETIC
SYN-0194,NEAR_MISS,Maintenance activity occurred near equipment and the supervisor recorded the observation. Prototype record 194.,Maintenance,,,UNKNOWN,,false,NON_SIF,,SYNTHETIC
SYN-0195,NEAR_MISS,Worker stood below a suspended load during crane lifting without barricading. Prototype record 195.,Lifting,Suspended Load,Barricading,FAILED,not used,true,HIGH,Line of Fire,SYNTHETIC
SYN-0196,UNSAFE_CONDITION,The designated walkway was cleaned after routine material handling. Prototype record 196.,Material Handling,,,UNKNOWN,,false,NON_SIF,,SYNTHETIC
SYN-0197,NEAR_MISS,Operator bypassed the rotating equipment interlock during operations. Prototype record 197.,Operations,Moving Machinery,Authorization,FAILED,bypassed,true,HIGH,Bypassing Safety Controls,SYNTHETIC
SYN-0198,NEAR_MISS,Approved lifting plan was reviewed by the competent person before the lift. Prototype record 198.,Lifting,Suspended Load,Lifting Plan,EFFECTIVE,,false,LOW,Safe Mechanical Lifting,SYNTHETIC
SYN-0199,UNSAFE_CONDITION,Worker used ladder at height without fall protection. Prototype record 199.,Work at Height,Fall Hazard,Fall Protection,FAILED,not used,true,HIGH,Working at Height,SYNTHETIC
SYN-0200,NEAR_MISS,Energy isolation was verified and documented before scheduled maintenance. Prototype record 200.,Maintenance,Stored Energy,Energy Isolation,EFFECTIVE,,false,LOW,Energy Isolation,SYNTHETIC
SYN-0201,NEAR_MISS,Technician started maintenance on the pump before energy isolation was verified. Prototype record 201.,Maintenance,Stored Energy,Energy Isolation,FAILED,not verified,true,HIGH,Energy Isolation,SYNTHETIC
SYN-0202,UNSAFE_CONDITION,Maintenance activity occurred near equipment and the supervisor recorded the observation. Prototype record 202.,Maintenance,,,UNKNOWN,,false,NON_SIF,,SYNTHETIC
SYN-0203,NEAR_MISS,Worker stood below a suspended load during crane lifting without barricading. Prototype record 203.,Lifting,Suspended Load,Barricading,FAILED,not used,true,HIGH,Line of Fire,SYNTHETIC
SYN-0204,NEAR_MISS,The designated walkway was cleaned after routine material handling. Prototype record 204.,Material Handling,,,UNKNOWN,,false,NON_SIF,,SYNTHETIC
SYN-0205,UNSAFE_CONDITION,Operator bypassed the rotating equipment interlock during operations. Prototype record 205.,Operations,Moving Machinery,Authorization,FAILED,bypassed,true,HIGH,Bypassing Safety Controls,SYNTHETIC
SYN-0206,NEAR_MISS,Approved lifting plan was reviewed by the competent person before the lift. Prototype record 206.,Lifting,Suspended Load,Lifting Plan,EFFECTIVE,,false,LOW,Safe Mechanical Lifting,SYNTHETIC
SYN-0207,NEAR_MISS,Worker used ladder at height without fall protection. Prototype record 207.,Work at Height,Fall Hazard,Fall Protection,FAILED,not used,true,HIGH,Working at Height,SYNTHETIC
SYN-0208,UNSAFE_CONDITION,Energy isolation was verified and documented before scheduled maintenance. Prototype record 208.,Maintenance,Stored Energy,Energy Isolation,EFFECTIVE,,false,LOW,Energy Isolation,SYNTHETIC
SYN-0209,NEAR_MISS,Technician started maintenance on the pump before energy isolation was verified. Prototype record 209.,Maintenance,Stored Energy,Energy Isolation,FAILED,not verified,true,HIGH,Energy Isolation,SYNTHETIC
SYN-0210,NEAR_MISS,Maintenance activity occurred near equipment and the supervisor recorded the observation. Prototype record 210.,Maintenance,,,UNKNOWN,,false,NON_SIF,,SYNTHETIC
SYN-0211,UNSAFE_CONDITION,Worker stood below a suspended load during crane lifting without barricading. Prototype record 211.,Lifting,Suspended Load,Barricading,FAILED,not used,true,HIGH,Line of Fire,SYNTHETIC
SYN-0212,NEAR_MISS,The designated walkway was cleaned after routine material handling. Prototype record 212.,Material Handling,,,UNKNOWN,,false,NON_SIF,,SYNTHETIC
SYN-0213,NEAR_MISS,Operator bypassed the rotating equipment interlock during operations. Prototype record 213.,Operations,Moving Machinery,Authorization,FAILED,bypassed,true,HIGH,Bypassing Safety Controls,SYNTHETIC
SYN-0214,UNSAFE_CONDITION,Approved lifting plan was reviewed by the competent person before the lift. Prototype record 214.,Lifting,Suspended Load,Lifting Plan,EFFECTIVE,,false,LOW,Safe Mechanical Lifting,SYNTHETIC
SYN-0215,NEAR_MISS,Worker used ladder at height without fall protection. Prototype record 215.,Work at Height,Fall Hazard,Fall Protection,FAILED,not used,true,HIGH,Working at Height,SYNTHETIC
SYN-0216,NEAR_MISS,Energy isolation was verified and documented before scheduled maintenance. Prototype record 216.,Maintenance,Stored Energy,Energy Isolation,EFFECTIVE,,false,LOW,Energy Isolation,SYNTHETIC
SYN-0217,UNSAFE_CONDITION,Technician started maintenance on the pump before energy isolation was verified. Prototype record 217.,Maintenance,Stored Energy,Energy Isolation,FAILED,not verified,true,HIGH,Energy Isolation,SYNTHETIC
SYN-0218,NEAR_MISS,Maintenance activity occurred near equipment and the supervisor recorded the observation. Prototype record 218.,Maintenance,,,UNKNOWN,,false,NON_SIF,,SYNTHETIC
SYN-0219,NEAR_MISS,Worker stood below a suspended load during crane lifting without barricading. Prototype record 219.,Lifting,Suspended Load,Barricading,FAILED,not used,true,HIGH,Line of Fire,SYNTHETIC
SYN-0220,UNSAFE_CONDITION,The designated walkway was cleaned after routine material handling. Prototype record 220.,Material Handling,,,UNKNOWN,,false,NON_SIF,,SYNTHETIC
SYN-0221,NEAR_MISS,Operator bypassed the rotating equipment interlock during operations. Prototype record 221.,Operations,Moving Machinery,Authorization,FAILED,bypassed,true,HIGH,Bypassing Safety Controls,SYNTHETIC
SYN-0222,NEAR_MISS,Approved lifting plan was reviewed by the competent person before the lift. Prototype record 222.,Lifting,Suspended Load,Lifting Plan,EFFECTIVE,,false,LOW,Safe Mechanical Lifting,SYNTHETIC
SYN-0223,UNSAFE_CONDITION,Worker used ladder at height without fall protection. Prototype record 223.,Work at Height,Fall Hazard,Fall Protection,FAILED,not used,true,HIGH,Working at Height,SYNTHETIC
SYN-0224,NEAR_MISS,Energy isolation was verified and documented before scheduled maintenance. Prototype record 224.,Maintenance,Stored Energy,Energy Isolation,EFFECTIVE,,false,LOW,Energy Isolation,SYNTHETIC
SYN-0225,NEAR_MISS,Technician started maintenance on the pump before energy isolation was verified. Prototype record 225.,Maintenance,Stored Energy,Energy Isolation,FAILED,not verified,true,HIGH,Energy Isolation,SYNTHETIC
SYN-0226,UNSAFE_CONDITION,Maintenance activity occurred near equipment and the supervisor recorded the observation. Prototype record 226.,Maintenance,,,UNKNOWN,,false,NON_SIF,,SYNTHETIC
SYN-0227,NEAR_MISS,Worker stood below a suspended load during crane lifting without barricading. Prototype record 227.,Lifting,Suspended Load,Barricading,FAILED,not used,true,HIGH,Line of Fire,SYNTHETIC
SYN-0228,NEAR_MISS,The designated walkway was cleaned after routine material handling. Prototype record 228.,Material Handling,,,UNKNOWN,,false,NON_SIF,,SYNTHETIC
SYN-0229,UNSAFE_CONDITION,Operator bypassed the rotating equipment interlock during operations. Prototype record 229.,Operations,Moving Machinery,Authorization,FAILED,bypassed,true,HIGH,Bypassing Safety Controls,SYNTHETIC
SYN-0230,NEAR_MISS,Approved lifting plan was reviewed by the competent person before the lift. Prototype record 230.,Lifting,Suspended Load,Lifting Plan,EFFECTIVE,,false,LOW,Safe Mechanical Lifting,SYNTHETIC
SYN-0231,NEAR_MISS,Worker used ladder at height without fall protection. Prototype record 231.,Work at Height,Fall Hazard,Fall Protection,FAILED,not used,true,HIGH,Working at Height,SYNTHETIC
SYN-0232,UNSAFE_CONDITION,Energy isolation was verified and documented before scheduled maintenance. Prototype record 232.,Maintenance,Stored Energy,Energy Isolation,EFFECTIVE,,false,LOW,Energy Isolation,SYNTHETIC
SYN-0233,NEAR_MISS,Technician started maintenance on the pump before energy isolation was verified. Prototype record 233.,Maintenance,Stored Energy,Energy Isolation,FAILED,not verified,true,HIGH,Energy Isolation,SYNTHETIC
SYN-0234,NEAR_MISS,Maintenance activity occurred near equipment and the supervisor recorded the observation. Prototype record 234.,Maintenance,,,UNKNOWN,,false,NON_SIF,,SYNTHETIC
SYN-0235,UNSAFE_CONDITION,Worker stood below a suspended load during crane lifting without barricading. Prototype record 235.,Lifting,Suspended Load,Barricading,FAILED,not used,true,HIGH,Line of Fire,SYNTHETIC
SYN-0236,NEAR_MISS,The designated walkway was cleaned after routine material handling. Prototype record 236.,Material Handling,,,UNKNOWN,,false,NON_SIF,,SYNTHETIC
SYN-0237,NEAR_MISS,Operator bypassed the rotating equipment interlock during operations. Prototype record 237.,Operations,Moving Machinery,Authorization,FAILED,bypassed,true,HIGH,Bypassing Safety Controls,SYNTHETIC
SYN-0238,UNSAFE_CONDITION,Approved lifting plan was reviewed by the competent person before the lift. Prototype record 238.,Lifting,Suspended Load,Lifting Plan,EFFECTIVE,,false,LOW,Safe Mechanical Lifting,SYNTHETIC
SYN-0239,NEAR_MISS,Worker used ladder at height without fall protection. Prototype record 239.,Work at Height,Fall Hazard,Fall Protection,FAILED,not used,true,HIGH,Working at Height,SYNTHETIC
SYN-0240,NEAR_MISS,Energy isolation was verified and documented before scheduled maintenance. Prototype record 240.,Maintenance,Stored Energy,Energy Isolation,EFFECTIVE,,false,LOW,Energy Isolation,SYNTHETIC
SYN-0241,UNSAFE_CONDITION,Technician started maintenance on the pump before energy isolation was verified. Prototype record 241.,Maintenance,Stored Energy,Energy Isolation,FAILED,not verified,true,HIGH,Energy Isolation,SYNTHETIC
SYN-0242,NEAR_MISS,Maintenance activity occurred near equipment and the supervisor recorded the observation. Prototype record 242.,Maintenance,,,UNKNOWN,,false,NON_SIF,,SYNTHETIC
SYN-0243,NEAR_MISS,Worker stood below a suspended load during crane lifting without barricading. Prototype record 243.,Lifting,Suspended Load,Barricading,FAILED,not used,true,HIGH,Line of Fire,SYNTHETIC
SYN-0244,UNSAFE_CONDITION,The designated walkway was cleaned after routine material handling. Prototype record 244.,Material Handling,,,UNKNOWN,,false,NON_SIF,,SYNTHETIC
SYN-0245,NEAR_MISS,Operator bypassed the rotating equipment interlock during operations. Prototype record 245.,Operations,Moving Machinery,Authorization,FAILED,bypassed,true,HIGH,Bypassing Safety Controls,SYNTHETIC
SYN-0246,NEAR_MISS,Approved lifting plan was reviewed by the competent person before the lift. Prototype record 246.,Lifting,Suspended Load,Lifting Plan,EFFECTIVE,,false,LOW,Safe Mechanical Lifting,SYNTHETIC
SYN-0247,UNSAFE_CONDITION,Worker used ladder at height without fall protection. Prototype record 247.,Work at Height,Fall Hazard,Fall Protection,FAILED,not used,true,HIGH,Working at Height,SYNTHETIC
SYN-0248,NEAR_MISS,Energy isolation was verified and documented before scheduled maintenance. Prototype record 248.,Maintenance,Stored Energy,Energy Isolation,EFFECTIVE,,false,LOW,Energy Isolation,SYNTHETIC
SYN-0249,NEAR_MISS,Technician started maintenance on the pump before energy isolation was verified. Prototype record 249.,Maintenance,Stored Energy,Energy Isolation,FAILED,not verified,true,HIGH,Energy Isolation,SYNTHETIC
SYN-0250,UNSAFE_CONDITION,Maintenance activity occurred near equipment and the supervisor recorded the observation. Prototype record 250.,Maintenance,,,UNKNOWN,,false,NON_SIF,,SYNTHETIC
SYN-0251,NEAR_MISS,Worker stood below a suspended load during crane lifting without barricading. Prototype record 251.,Lifting,Suspended Load,Barricading,FAILED,not used,true,HIGH,Line of Fire,SYNTHETIC
SYN-0252,NEAR_MISS,The designated walkway was cleaned after routine material handling. Prototype record 252.,Material Handling,,,UNKNOWN,,false,NON_SIF,,SYNTHETIC
SYN-0253,UNSAFE_CONDITION,Operator bypassed the rotating equipment interlock during operations. Prototype record 253.,Operations,Moving Machinery,Authorization,FAILED,bypassed,true,HIGH,Bypassing Safety Controls,SYNTHETIC
SYN-0254,NEAR_MISS,Approved lifting plan was reviewed by the competent person before the lift. Prototype record 254.,Lifting,Suspended Load,Lifting Plan,EFFECTIVE,,false,LOW,Safe Mechanical Lifting,SYNTHETIC
SYN-0255,NEAR_MISS,Worker used ladder at height without fall protection. Prototype record 255.,Work at Height,Fall Hazard,Fall Protection,FAILED,not used,true,HIGH,Working at Height,SYNTHETIC
SYN-0256,UNSAFE_CONDITION,Energy isolation was verified and documented before scheduled maintenance. Prototype record 256.,Maintenance,Stored Energy,Energy Isolation,EFFECTIVE,,false,LOW,Energy Isolation,SYNTHETIC
SYN-0257,NEAR_MISS,Technician started maintenance on the pump before energy isolation was verified. Prototype record 257.,Maintenance,Stored Energy,Energy Isolation,FAILED,not verified,true,HIGH,Energy Isolation,SYNTHETIC
SYN-0258,NEAR_MISS,Maintenance activity occurred near equipment and the supervisor recorded the observation. Prototype record 258.,Maintenance,,,UNKNOWN,,false,NON_SIF,,SYNTHETIC
SYN-0259,UNSAFE_CONDITION,Worker stood below a suspended load during crane lifting without barricading. Prototype record 259.,Lifting,Suspended Load,Barricading,FAILED,not used,true,HIGH,Line of Fire,SYNTHETIC
SYN-0260,NEAR_MISS,The designated walkway was cleaned after routine material handling. Prototype record 260.,Material Handling,,,UNKNOWN,,false,NON_SIF,,SYNTHETIC
SYN-0261,NEAR_MISS,Operator bypassed the rotating equipment interlock during operations. Prototype record 261.,Operations,Moving Machinery,Authorization,FAILED,bypassed,true,HIGH,Bypassing Safety Controls,SYNTHETIC
SYN-0262,UNSAFE_CONDITION,Approved lifting plan was reviewed by the competent person before the lift. Prototype record 262.,Lifting,Suspended Load,Lifting Plan,EFFECTIVE,,false,LOW,Safe Mechanical Lifting,SYNTHETIC
SYN-0263,NEAR_MISS,Worker used ladder at height without fall protection. Prototype record 263.,Work at Height,Fall Hazard,Fall Protection,FAILED,not used,true,HIGH,Working at Height,SYNTHETIC
SYN-0264,NEAR_MISS,Energy isolation was verified and documented before scheduled maintenance. Prototype record 264.,Maintenance,Stored Energy,Energy Isolation,EFFECTIVE,,false,LOW,Energy Isolation,SYNTHETIC
SYN-0265,UNSAFE_CONDITION,Technician started maintenance on the pump before energy isolation was verified. Prototype record 265.,Maintenance,Stored Energy,Energy Isolation,FAILED,not verified,true,HIGH,Energy Isolation,SYNTHETIC
SYN-0266,NEAR_MISS,Maintenance activity occurred near equipment and the supervisor recorded the observation. Prototype record 266.,Maintenance,,,UNKNOWN,,false,NON_SIF,,SYNTHETIC
SYN-0267,NEAR_MISS,Worker stood below a suspended load during crane lifting without barricading. Prototype record 267.,Lifting,Suspended Load,Barricading,FAILED,not used,true,HIGH,Line of Fire,SYNTHETIC
SYN-0268,UNSAFE_CONDITION,The designated walkway was cleaned after routine material handling. Prototype record 268.,Material Handling,,,UNKNOWN,,false,NON_SIF,,SYNTHETIC
SYN-0269,NEAR_MISS,Operator bypassed the rotating equipment interlock during operations. Prototype record 269.,Operations,Moving Machinery,Authorization,FAILED,bypassed,true,HIGH,Bypassing Safety Controls,SYNTHETIC
SYN-0270,NEAR_MISS,Approved lifting plan was reviewed by the competent person before the lift. Prototype record 270.,Lifting,Suspended Load,Lifting Plan,EFFECTIVE,,false,LOW,Safe Mechanical Lifting,SYNTHETIC
SYN-0271,UNSAFE_CONDITION,Worker used ladder at height without fall protection. Prototype record 271.,Work at Height,Fall Hazard,Fall Protection,FAILED,not used,true,HIGH,Working at Height,SYNTHETIC
SYN-0272,NEAR_MISS,Energy isolation was verified and documented before scheduled maintenance. Prototype record 272.,Maintenance,Stored Energy,Energy Isolation,EFFECTIVE,,false,LOW,Energy Isolation,SYNTHETIC
SYN-0273,NEAR_MISS,Technician started maintenance on the pump before energy isolation was verified. Prototype record 273.,Maintenance,Stored Energy,Energy Isolation,FAILED,not verified,true,HIGH,Energy Isolation,SYNTHETIC
SYN-0274,UNSAFE_CONDITION,Maintenance activity occurred near equipment and the supervisor recorded the observation. Prototype record 274.,Maintenance,,,UNKNOWN,,false,NON_SIF,,SYNTHETIC
SYN-0275,NEAR_MISS,Worker stood below a suspended load during crane lifting without barricading. Prototype record 275.,Lifting,Suspended Load,Barricading,FAILED,not used,true,HIGH,Line of Fire,SYNTHETIC
SYN-0276,NEAR_MISS,The designated walkway was cleaned after routine material handling. Prototype record 276.,Material Handling,,,UNKNOWN,,false,NON_SIF,,SYNTHETIC
SYN-0277,UNSAFE_CONDITION,Operator bypassed the rotating equipment interlock during operations. Prototype record 277.,Operations,Moving Machinery,Authorization,FAILED,bypassed,true,HIGH,Bypassing Safety Controls,SYNTHETIC
SYN-0278,NEAR_MISS,Approved lifting plan was reviewed by the competent person before the lift. Prototype record 278.,Lifting,Suspended Load,Lifting Plan,EFFECTIVE,,false,LOW,Safe Mechanical Lifting,SYNTHETIC
SYN-0279,NEAR_MISS,Worker used ladder at height without fall protection. Prototype record 279.,Work at Height,Fall Hazard,Fall Protection,FAILED,not used,true,HIGH,Working at Height,SYNTHETIC
SYN-0280,UNSAFE_CONDITION,Energy isolation was verified and documented before scheduled maintenance. Prototype record 280.,Maintenance,Stored Energy,Energy Isolation,EFFECTIVE,,false,LOW,Energy Isolation,SYNTHETIC
SYN-0281,NEAR_MISS,Technician started maintenance on the pump before energy isolation was verified. Prototype record 281.,Maintenance,Stored Energy,Energy Isolation,FAILED,not verified,true,HIGH,Energy Isolation,SYNTHETIC
SYN-0282,NEAR_MISS,Maintenance activity occurred near equipment and the supervisor recorded the observation. Prototype record 282.,Maintenance,,,UNKNOWN,,false,NON_SIF,,SYNTHETIC
SYN-0283,UNSAFE_CONDITION,Worker stood below a suspended load during crane lifting without barricading. Prototype record 283.,Lifting,Suspended Load,Barricading,FAILED,not used,true,HIGH,Line of Fire,SYNTHETIC
SYN-0284,NEAR_MISS,The designated walkway was cleaned after routine material handling. Prototype record 284.,Material Handling,,,UNKNOWN,,false,NON_SIF,,SYNTHETIC
SYN-0285,NEAR_MISS,Operator bypassed the rotating equipment interlock during operations. Prototype record 285.,Operations,Moving Machinery,Authorization,FAILED,bypassed,true,HIGH,Bypassing Safety Controls,SYNTHETIC
SYN-0286,UNSAFE_CONDITION,Approved lifting plan was reviewed by the competent person before the lift. Prototype record 286.,Lifting,Suspended Load,Lifting Plan,EFFECTIVE,,false,LOW,Safe Mechanical Lifting,SYNTHETIC
SYN-0287,NEAR_MISS,Worker used ladder at height without fall protection. Prototype record 287.,Work at Height,Fall Hazard,Fall Protection,FAILED,not used,true,HIGH,Working at Height,SYNTHETIC
SYN-0288,NEAR_MISS,Energy isolation was verified and documented before scheduled maintenance. Prototype record 288.,Maintenance,Stored Energy,Energy Isolation,EFFECTIVE,,false,LOW,Energy Isolation,SYNTHETIC
SYN-0289,UNSAFE_CONDITION,Technician started maintenance on the pump before energy isolation was verified. Prototype record 289.,Maintenance,Stored Energy,Energy Isolation,FAILED,not verified,true,HIGH,Energy Isolation,SYNTHETIC
SYN-0290,NEAR_MISS,Maintenance activity occurred near equipment and the supervisor recorded the observation. Prototype record 290.,Maintenance,,,UNKNOWN,,false,NON_SIF,,SYNTHETIC
SYN-0291,NEAR_MISS,Worker stood below a suspended load during crane lifting without barricading. Prototype record 291.,Lifting,Suspended Load,Barricading,FAILED,not used,true,HIGH,Line of Fire,SYNTHETIC
SYN-0292,UNSAFE_CONDITION,The designated walkway was cleaned after routine material handling. Prototype record 292.,Material Handling,,,UNKNOWN,,false,NON_SIF,,SYNTHETIC
SYN-0293,NEAR_MISS,Operator bypassed the rotating equipment interlock during operations. Prototype record 293.,Operations,Moving Machinery,Authorization,FAILED,bypassed,true,HIGH,Bypassing Safety Controls,SYNTHETIC
SYN-0294,NEAR_MISS,Approved lifting plan was reviewed by the competent person before the lift. Prototype record 294.,Lifting,Suspended Load,Lifting Plan,EFFECTIVE,,false,LOW,Safe Mechanical Lifting,SYNTHETIC
SYN-0295,UNSAFE_CONDITION,Worker used ladder at height without fall protection. Prototype record 295.,Work at Height,Fall Hazard,Fall Protection,FAILED,not used,true,HIGH,Working at Height,SYNTHETIC
SYN-0296,NEAR_MISS,Energy isolation was verified and documented before scheduled maintenance. Prototype record 296.,Maintenance,Stored Energy,Energy Isolation,EFFECTIVE,,false,LOW,Energy Isolation,SYNTHETIC
SYN-0297,NEAR_MISS,Technician started maintenance on the pump before energy isolation was verified. Prototype record 297.,Maintenance,Stored Energy,Energy Isolation,FAILED,not verified,true,HIGH,Energy Isolation,SYNTHETIC
SYN-0298,UNSAFE_CONDITION,Maintenance activity occurred near equipment and the supervisor recorded the observation. Prototype record 298.,Maintenance,,,UNKNOWN,,false,NON_SIF,,SYNTHETIC
SYN-0299,NEAR_MISS,Worker stood below a suspended load during crane lifting without barricading. Prototype record 299.,Lifting,Suspended Load,Barricading,FAILED,not used,true,HIGH,Line of Fire,SYNTHETIC
SYN-0300,NEAR_MISS,The designated walkway was cleaned after routine material handling. Prototype record 300.,Material Handling,,,UNKNOWN,,false,NON_SIF,,SYNTHETIC
SYN-0301,UNSAFE_CONDITION,Operator bypassed the rotating equipment interlock during operations. Prototype record 301.,Operations,Moving Machinery,Authorization,FAILED,bypassed,true,HIGH,Bypassing Safety Controls,SYNTHETIC
SYN-0302,NEAR_MISS,Approved lifting plan was reviewed by the competent person before the lift. Prototype record 302.,Lifting,Suspended Load,Lifting Plan,EFFECTIVE,,false,LOW,Safe Mechanical Lifting,SYNTHETIC
SYN-0303,NEAR_MISS,Worker used ladder at height without fall protection. Prototype record 303.,Work at Height,Fall Hazard,Fall Protection,FAILED,not used,true,HIGH,Working at Height,SYNTHETIC
SYN-0304,UNSAFE_CONDITION,Energy isolation was verified and documented before scheduled maintenance. Prototype record 304.,Maintenance,Stored Energy,Energy Isolation,EFFECTIVE,,false,LOW,Energy Isolation,SYNTHETIC
SYN-0305,NEAR_MISS,Technician started maintenance on the pump before energy isolation was verified. Prototype record 305.,Maintenance,Stored Energy,Energy Isolation,FAILED,not verified,true,HIGH,Energy Isolation,SYNTHETIC
SYN-0306,NEAR_MISS,Maintenance activity occurred near equipment and the supervisor recorded the observation. Prototype record 306.,Maintenance,,,UNKNOWN,,false,NON_SIF,,SYNTHETIC
SYN-0307,UNSAFE_CONDITION,Worker stood below a suspended load during crane lifting without barricading. Prototype record 307.,Lifting,Suspended Load,Barricading,FAILED,not used,true,HIGH,Line of Fire,SYNTHETIC
SYN-0308,NEAR_MISS,The designated walkway was cleaned after routine material handling. Prototype record 308.,Material Handling,,,UNKNOWN,,false,NON_SIF,,SYNTHETIC
SYN-0309,NEAR_MISS,Operator bypassed the rotating equipment interlock during operations. Prototype record 309.,Operations,Moving Machinery,Authorization,FAILED,bypassed,true,HIGH,Bypassing Safety Controls,SYNTHETIC
SYN-0310,UNSAFE_CONDITION,Approved lifting plan was reviewed by the competent person before the lift. Prototype record 310.,Lifting,Suspended Load,Lifting Plan,EFFECTIVE,,false,LOW,Safe Mechanical Lifting,SYNTHETIC
SYN-0311,NEAR_MISS,Worker used ladder at height without fall protection. Prototype record 311.,Work at Height,Fall Hazard,Fall Protection,FAILED,not used,true,HIGH,Working at Height,SYNTHETIC
SYN-0312,NEAR_MISS,Energy isolation was verified and documented before scheduled maintenance. Prototype record 312.,Maintenance,Stored Energy,Energy Isolation,EFFECTIVE,,false,LOW,Energy Isolation,SYNTHETIC
SYN-0313,UNSAFE_CONDITION,Technician started maintenance on the pump before energy isolation was verified. Prototype record 313.,Maintenance,Stored Energy,Energy Isolation,FAILED,not verified,true,HIGH,Energy Isolation,SYNTHETIC
SYN-0314,NEAR_MISS,Maintenance activity occurred near equipment and the supervisor recorded the observation. Prototype record 314.,Maintenance,,,UNKNOWN,,false,NON_SIF,,SYNTHETIC
SYN-0315,NEAR_MISS,Worker stood below a suspended load during crane lifting without barricading. Prototype record 315.,Lifting,Suspended Load,Barricading,FAILED,not used,true,HIGH,Line of Fire,SYNTHETIC
SYN-0316,UNSAFE_CONDITION,The designated walkway was cleaned after routine material handling. Prototype record 316.,Material Handling,,,UNKNOWN,,false,NON_SIF,,SYNTHETIC
SYN-0317,NEAR_MISS,Operator bypassed the rotating equipment interlock during operations. Prototype record 317.,Operations,Moving Machinery,Authorization,FAILED,bypassed,true,HIGH,Bypassing Safety Controls,SYNTHETIC
SYN-0318,NEAR_MISS,Approved lifting plan was reviewed by the competent person before the lift. Prototype record 318.,Lifting,Suspended Load,Lifting Plan,EFFECTIVE,,false,LOW,Safe Mechanical Lifting,SYNTHETIC
SYN-0319,UNSAFE_CONDITION,Worker used ladder at height without fall protection. Prototype record 319.,Work at Height,Fall Hazard,Fall Protection,FAILED,not used,true,HIGH,Working at Height,SYNTHETIC
SYN-0320,NEAR_MISS,Energy isolation was verified and documented before scheduled maintenance. Prototype record 320.,Maintenance,Stored Energy,Energy Isolation,EFFECTIVE,,false,LOW,Energy Isolation,SYNTHETIC
SYN-0321,NEAR_MISS,Technician started maintenance on the pump before energy isolation was verified. Prototype record 321.,Maintenance,Stored Energy,Energy Isolation,FAILED,not verified,true,HIGH,Energy Isolation,SYNTHETIC
SYN-0322,UNSAFE_CONDITION,Maintenance activity occurred near equipment and the supervisor recorded the observation. Prototype record 322.,Maintenance,,,UNKNOWN,,false,NON_SIF,,SYNTHETIC
SYN-0323,NEAR_MISS,Worker stood below a suspended load during crane lifting without barricading. Prototype record 323.,Lifting,Suspended Load,Barricading,FAILED,not used,true,HIGH,Line of Fire,SYNTHETIC
SYN-0324,NEAR_MISS,The designated walkway was cleaned after routine material handling. Prototype record 324.,Material Handling,,,UNKNOWN,,false,NON_SIF,,SYNTHETIC
SYN-0325,UNSAFE_CONDITION,Operator bypassed the rotating equipment interlock during operations. Prototype record 325.,Operations,Moving Machinery,Authorization,FAILED,bypassed,true,HIGH,Bypassing Safety Controls,SYNTHETIC
SYN-0326,NEAR_MISS,Approved lifting plan was reviewed by the competent person before the lift. Prototype record 326.,Lifting,Suspended Load,Lifting Plan,EFFECTIVE,,false,LOW,Safe Mechanical Lifting,SYNTHETIC
SYN-0327,NEAR_MISS,Worker used ladder at height without fall protection. Prototype record 327.,Work at Height,Fall Hazard,Fall Protection,FAILED,not used,true,HIGH,Working at Height,SYNTHETIC
SYN-0328,UNSAFE_CONDITION,Energy isolation was verified and documented before scheduled maintenance. Prototype record 328.,Maintenance,Stored Energy,Energy Isolation,EFFECTIVE,,false,LOW,Energy Isolation,SYNTHETIC
SYN-0329,NEAR_MISS,Technician started maintenance on the pump before energy isolation was verified. Prototype record 329.,Maintenance,Stored Energy,Energy Isolation,FAILED,not verified,true,HIGH,Energy Isolation,SYNTHETIC
SYN-0330,NEAR_MISS,Maintenance activity occurred near equipment and the supervisor recorded the observation. Prototype record 330.,Maintenance,,,UNKNOWN,,false,NON_SIF,,SYNTHETIC
SYN-0331,UNSAFE_CONDITION,Worker stood below a suspended load during crane lifting without barricading. Prototype record 331.,Lifting,Suspended Load,Barricading,FAILED,not used,true,HIGH,Line of Fire,SYNTHETIC
SYN-0332,NEAR_MISS,The designated walkway was cleaned after routine material handling. Prototype record 332.,Material Handling,,,UNKNOWN,,false,NON_SIF,,SYNTHETIC
SYN-0333,NEAR_MISS,Operator bypassed the rotating equipment interlock during operations. Prototype record 333.,Operations,Moving Machinery,Authorization,FAILED,bypassed,true,HIGH,Bypassing Safety Controls,SYNTHETIC
SYN-0334,UNSAFE_CONDITION,Approved lifting plan was reviewed by the competent person before the lift. Prototype record 334.,Lifting,Suspended Load,Lifting Plan,EFFECTIVE,,false,LOW,Safe Mechanical Lifting,SYNTHETIC
SYN-0335,NEAR_MISS,Worker used ladder at height without fall protection. Prototype record 335.,Work at Height,Fall Hazard,Fall Protection,FAILED,not used,true,HIGH,Working at Height,SYNTHETIC
SYN-0336,NEAR_MISS,Energy isolation was verified and documented before scheduled maintenance. Prototype record 336.,Maintenance,Stored Energy,Energy Isolation,EFFECTIVE,,false,LOW,Energy Isolation,SYNTHETIC
SYN-0337,UNSAFE_CONDITION,Technician started maintenance on the pump before energy isolation was verified. Prototype record 337.,Maintenance,Stored Energy,Energy Isolation,FAILED,not verified,true,HIGH,Energy Isolation,SYNTHETIC
SYN-0338,NEAR_MISS,Maintenance activity occurred near equipment and the supervisor recorded the observation. Prototype record 338.,Maintenance,,,UNKNOWN,,false,NON_SIF,,SYNTHETIC
SYN-0339,NEAR_MISS,Worker stood below a suspended load during crane lifting without barricading. Prototype record 339.,Lifting,Suspended Load,Barricading,FAILED,not used,true,HIGH,Line of Fire,SYNTHETIC
SYN-0340,UNSAFE_CONDITION,The designated walkway was cleaned after routine material handling. Prototype record 340.,Material Handling,,,UNKNOWN,,false,NON_SIF,,SYNTHETIC
SYN-0341,NEAR_MISS,Operator bypassed the rotating equipment interlock during operations. Prototype record 341.,Operations,Moving Machinery,Authorization,FAILED,bypassed,true,HIGH,Bypassing Safety Controls,SYNTHETIC
SYN-0342,NEAR_MISS,Approved lifting plan was reviewed by the competent person before the lift. Prototype record 342.,Lifting,Suspended Load,Lifting Plan,EFFECTIVE,,false,LOW,Safe Mechanical Lifting,SYNTHETIC
SYN-0343,UNSAFE_CONDITION,Worker used ladder at height without fall protection. Prototype record 343.,Work at Height,Fall Hazard,Fall Protection,FAILED,not used,true,HIGH,Working at Height,SYNTHETIC
SYN-0344,NEAR_MISS,Energy isolation was verified and documented before scheduled maintenance. Prototype record 344.,Maintenance,Stored Energy,Energy Isolation,EFFECTIVE,,false,LOW,Energy Isolation,SYNTHETIC
SYN-0345,NEAR_MISS,Technician started maintenance on the pump before energy isolation was verified. Prototype record 345.,Maintenance,Stored Energy,Energy Isolation,FAILED,not verified,true,HIGH,Energy Isolation,SYNTHETIC
SYN-0346,UNSAFE_CONDITION,Maintenance activity occurred near equipment and the supervisor recorded the observation. Prototype record 346.,Maintenance,,,UNKNOWN,,false,NON_SIF,,SYNTHETIC
SYN-0347,NEAR_MISS,Worker stood below a suspended load during crane lifting without barricading. Prototype record 347.,Lifting,Suspended Load,Barricading,FAILED,not used,true,HIGH,Line of Fire,SYNTHETIC
SYN-0348,NEAR_MISS,The designated walkway was cleaned after routine material handling. Prototype record 348.,Material Handling,,,UNKNOWN,,false,NON_SIF,,SYNTHETIC
SYN-0349,UNSAFE_CONDITION,Operator bypassed the rotating equipment interlock during operations. Prototype record 349.,Operations,Moving Machinery,Authorization,FAILED,bypassed,true,HIGH,Bypassing Safety Controls,SYNTHETIC
SYN-0350,NEAR_MISS,Approved lifting plan was reviewed by the competent person before the lift. Prototype record 350.,Lifting,Suspended Load,Lifting Plan,EFFECTIVE,,false,LOW,Safe Mechanical Lifting,SYNTHETIC
SYN-0351,NEAR_MISS,Worker used ladder at height without fall protection. Prototype record 351.,Work at Height,Fall Hazard,Fall Protection,FAILED,not used,true,HIGH,Working at Height,SYNTHETIC
SYN-0352,UNSAFE_CONDITION,Energy isolation was verified and documented before scheduled maintenance. Prototype record 352.,Maintenance,Stored Energy,Energy Isolation,EFFECTIVE,,false,LOW,Energy Isolation,SYNTHETIC
SYN-0353,NEAR_MISS,Technician started maintenance on the pump before energy isolation was verified. Prototype record 353.,Maintenance,Stored Energy,Energy Isolation,FAILED,not verified,true,HIGH,Energy Isolation,SYNTHETIC
SYN-0354,NEAR_MISS,Maintenance activity occurred near equipment and the supervisor recorded the observation. Prototype record 354.,Maintenance,,,UNKNOWN,,false,NON_SIF,,SYNTHETIC
SYN-0355,UNSAFE_CONDITION,Worker stood below a suspended load during crane lifting without barricading. Prototype record 355.,Lifting,Suspended Load,Barricading,FAILED,not used,true,HIGH,Line of Fire,SYNTHETIC
SYN-0356,NEAR_MISS,The designated walkway was cleaned after routine material handling. Prototype record 356.,Material Handling,,,UNKNOWN,,false,NON_SIF,,SYNTHETIC
SYN-0357,NEAR_MISS,Operator bypassed the rotating equipment interlock during operations. Prototype record 357.,Operations,Moving Machinery,Authorization,FAILED,bypassed,true,HIGH,Bypassing Safety Controls,SYNTHETIC
SYN-0358,UNSAFE_CONDITION,Approved lifting plan was reviewed by the competent person before the lift. Prototype record 358.,Lifting,Suspended Load,Lifting Plan,EFFECTIVE,,false,LOW,Safe Mechanical Lifting,SYNTHETIC
SYN-0359,NEAR_MISS,Worker used ladder at height without fall protection. Prototype record 359.,Work at Height,Fall Hazard,Fall Protection,FAILED,not used,true,HIGH,Working at Height,SYNTHETIC
SYN-0360,NEAR_MISS,Energy isolation was verified and documented before scheduled maintenance. Prototype record 360.,Maintenance,Stored Energy,Energy Isolation,EFFECTIVE,,false,LOW,Energy Isolation,SYNTHETIC
SYN-0361,UNSAFE_CONDITION,Technician started maintenance on the pump before energy isolation was verified. Prototype record 361.,Maintenance,Stored Energy,Energy Isolation,FAILED,not verified,true,HIGH,Energy Isolation,SYNTHETIC
SYN-0362,NEAR_MISS,Maintenance activity occurred near equipment and the supervisor recorded the observation. Prototype record 362.,Maintenance,,,UNKNOWN,,false,NON_SIF,,SYNTHETIC
SYN-0363,NEAR_MISS,Worker stood below a suspended load during crane lifting without barricading. Prototype record 363.,Lifting,Suspended Load,Barricading,FAILED,not used,true,HIGH,Line of Fire,SYNTHETIC
SYN-0364,UNSAFE_CONDITION,The designated walkway was cleaned after routine material handling. Prototype record 364.,Material Handling,,,UNKNOWN,,false,NON_SIF,,SYNTHETIC
SYN-0365,NEAR_MISS,Operator bypassed the rotating equipment interlock during operations. Prototype record 365.,Operations,Moving Machinery,Authorization,FAILED,bypassed,true,HIGH,Bypassing Safety Controls,SYNTHETIC
SYN-0366,NEAR_MISS,Approved lifting plan was reviewed by the competent person before the lift. Prototype record 366.,Lifting,Suspended Load,Lifting Plan,EFFECTIVE,,false,LOW,Safe Mechanical Lifting,SYNTHETIC
SYN-0367,UNSAFE_CONDITION,Worker used ladder at height without fall protection. Prototype record 367.,Work at Height,Fall Hazard,Fall Protection,FAILED,not used,true,HIGH,Working at Height,SYNTHETIC
SYN-0368,NEAR_MISS,Energy isolation was verified and documented before scheduled maintenance. Prototype record 368.,Maintenance,Stored Energy,Energy Isolation,EFFECTIVE,,false,LOW,Energy Isolation,SYNTHETIC
SYN-0369,NEAR_MISS,Technician started maintenance on the pump before energy isolation was verified. Prototype record 369.,Maintenance,Stored Energy,Energy Isolation,FAILED,not verified,true,HIGH,Energy Isolation,SYNTHETIC
SYN-0370,UNSAFE_CONDITION,Maintenance activity occurred near equipment and the supervisor recorded the observation. Prototype record 370.,Maintenance,,,UNKNOWN,,false,NON_SIF,,SYNTHETIC
SYN-0371,NEAR_MISS,Worker stood below a suspended load during crane lifting without barricading. Prototype record 371.,Lifting,Suspended Load,Barricading,FAILED,not used,true,HIGH,Line of Fire,SYNTHETIC
SYN-0372,NEAR_MISS,The designated walkway was cleaned after routine material handling. Prototype record 372.,Material Handling,,,UNKNOWN,,false,NON_SIF,,SYNTHETIC
SYN-0373,UNSAFE_CONDITION,Operator bypassed the rotating equipment interlock during operations. Prototype record 373.,Operations,Moving Machinery,Authorization,FAILED,bypassed,true,HIGH,Bypassing Safety Controls,SYNTHETIC
SYN-0374,NEAR_MISS,Approved lifting plan was reviewed by the competent person before the lift. Prototype record 374.,Lifting,Suspended Load,Lifting Plan,EFFECTIVE,,false,LOW,Safe Mechanical Lifting,SYNTHETIC
SYN-0375,NEAR_MISS,Worker used ladder at height without fall protection. Prototype record 375.,Work at Height,Fall Hazard,Fall Protection,FAILED,not used,true,HIGH,Working at Height,SYNTHETIC
SYN-0376,UNSAFE_CONDITION,Energy isolation was verified and documented before scheduled maintenance. Prototype record 376.,Maintenance,Stored Energy,Energy Isolation,EFFECTIVE,,false,LOW,Energy Isolation,SYNTHETIC
SYN-0377,NEAR_MISS,Technician started maintenance on the pump before energy isolation was verified. Prototype record 377.,Maintenance,Stored Energy,Energy Isolation,FAILED,not verified,true,HIGH,Energy Isolation,SYNTHETIC
SYN-0378,NEAR_MISS,Maintenance activity occurred near equipment and the supervisor recorded the observation. Prototype record 378.,Maintenance,,,UNKNOWN,,false,NON_SIF,,SYNTHETIC
SYN-0379,UNSAFE_CONDITION,Worker stood below a suspended load during crane lifting without barricading. Prototype record 379.,Lifting,Suspended Load,Barricading,FAILED,not used,true,HIGH,Line of Fire,SYNTHETIC
SYN-0380,NEAR_MISS,The designated walkway was cleaned after routine material handling. Prototype record 380.,Material Handling,,,UNKNOWN,,false,NON_SIF,,SYNTHETIC
SYN-0381,NEAR_MISS,Operator bypassed the rotating equipment interlock during operations. Prototype record 381.,Operations,Moving Machinery,Authorization,FAILED,bypassed,true,HIGH,Bypassing Safety Controls,SYNTHETIC
SYN-0382,UNSAFE_CONDITION,Approved lifting plan was reviewed by the competent person before the lift. Prototype record 382.,Lifting,Suspended Load,Lifting Plan,EFFECTIVE,,false,LOW,Safe Mechanical Lifting,SYNTHETIC
SYN-0383,NEAR_MISS,Worker used ladder at height without fall protection. Prototype record 383.,Work at Height,Fall Hazard,Fall Protection,FAILED,not used,true,HIGH,Working at Height,SYNTHETIC
SYN-0384,NEAR_MISS,Energy isolation was verified and documented before scheduled maintenance. Prototype record 384.,Maintenance,Stored Energy,Energy Isolation,EFFECTIVE,,false,LOW,Energy Isolation,SYNTHETIC
SYN-0385,UNSAFE_CONDITION,Technician started maintenance on the pump before energy isolation was verified. Prototype record 385.,Maintenance,Stored Energy,Energy Isolation,FAILED,not verified,true,HIGH,Energy Isolation,SYNTHETIC
SYN-0386,NEAR_MISS,Maintenance activity occurred near equipment and the supervisor recorded the observation. Prototype record 386.,Maintenance,,,UNKNOWN,,false,NON_SIF,,SYNTHETIC
SYN-0387,NEAR_MISS,Worker stood below a suspended load during crane lifting without barricading. Prototype record 387.,Lifting,Suspended Load,Barricading,FAILED,not used,true,HIGH,Line of Fire,SYNTHETIC
SYN-0388,UNSAFE_CONDITION,The designated walkway was cleaned after routine material handling. Prototype record 388.,Material Handling,,,UNKNOWN,,false,NON_SIF,,SYNTHETIC
SYN-0389,NEAR_MISS,Operator bypassed the rotating equipment interlock during operations. Prototype record 389.,Operations,Moving Machinery,Authorization,FAILED,bypassed,true,HIGH,Bypassing Safety Controls,SYNTHETIC
SYN-0390,NEAR_MISS,Approved lifting plan was reviewed by the competent person before the lift. Prototype record 390.,Lifting,Suspended Load,Lifting Plan,EFFECTIVE,,false,LOW,Safe Mechanical Lifting,SYNTHETIC
SYN-0391,UNSAFE_CONDITION,Worker used ladder at height without fall protection. Prototype record 391.,Work at Height,Fall Hazard,Fall Protection,FAILED,not used,true,HIGH,Working at Height,SYNTHETIC
SYN-0392,NEAR_MISS,Energy isolation was verified and documented before scheduled maintenance. Prototype record 392.,Maintenance,Stored Energy,Energy Isolation,EFFECTIVE,,false,LOW,Energy Isolation,SYNTHETIC
SYN-0393,NEAR_MISS,Technician started maintenance on the pump before energy isolation was verified. Prototype record 393.,Maintenance,Stored Energy,Energy Isolation,FAILED,not verified,true,HIGH,Energy Isolation,SYNTHETIC
SYN-0394,UNSAFE_CONDITION,Maintenance activity occurred near equipment and the supervisor recorded the observation. Prototype record 394.,Maintenance,,,UNKNOWN,,false,NON_SIF,,SYNTHETIC
SYN-0395,NEAR_MISS,Worker stood below a suspended load during crane lifting without barricading. Prototype record 395.,Lifting,Suspended Load,Barricading,FAILED,not used,true,HIGH,Line of Fire,SYNTHETIC
SYN-0396,NEAR_MISS,The designated walkway was cleaned after routine material handling. Prototype record 396.,Material Handling,,,UNKNOWN,,false,NON_SIF,,SYNTHETIC
SYN-0397,UNSAFE_CONDITION,Operator bypassed the rotating equipment interlock during operations. Prototype record 397.,Operations,Moving Machinery,Authorization,FAILED,bypassed,true,HIGH,Bypassing Safety Controls,SYNTHETIC
SYN-0398,NEAR_MISS,Approved lifting plan was reviewed by the competent person before the lift. Prototype record 398.,Lifting,Suspended Load,Lifting Plan,EFFECTIVE,,false,LOW,Safe Mechanical Lifting,SYNTHETIC
SYN-0399,NEAR_MISS,Worker used ladder at height without fall protection. Prototype record 399.,Work at Height,Fall Hazard,Fall Protection,FAILED,not used,true,HIGH,Working at Height,SYNTHETIC
SYN-0400,UNSAFE_CONDITION,Energy isolation was verified and documented before scheduled maintenance. Prototype record 400.,Maintenance,Stored Energy,Energy Isolation,EFFECTIVE,,false,LOW,Energy Isolation,SYNTHETIC
SYN-0401,NEAR_MISS,Technician started maintenance on the pump before energy isolation was verified. Prototype record 401.,Maintenance,Stored Energy,Energy Isolation,FAILED,not verified,true,HIGH,Energy Isolation,SYNTHETIC
SYN-0402,NEAR_MISS,Maintenance activity occurred near equipment and the supervisor recorded the observation. Prototype record 402.,Maintenance,,,UNKNOWN,,false,NON_SIF,,SYNTHETIC
SYN-0403,UNSAFE_CONDITION,Worker stood below a suspended load during crane lifting without barricading. Prototype record 403.,Lifting,Suspended Load,Barricading,FAILED,not used,true,HIGH,Line of Fire,SYNTHETIC
SYN-0404,NEAR_MISS,The designated walkway was cleaned after routine material handling. Prototype record 404.,Material Handling,,,UNKNOWN,,false,NON_SIF,,SYNTHETIC
SYN-0405,NEAR_MISS,Operator bypassed the rotating equipment interlock during operations. Prototype record 405.,Operations,Moving Machinery,Authorization,FAILED,bypassed,true,HIGH,Bypassing Safety Controls,SYNTHETIC
SYN-0406,UNSAFE_CONDITION,Approved lifting plan was reviewed by the competent person before the lift. Prototype record 406.,Lifting,Suspended Load,Lifting Plan,EFFECTIVE,,false,LOW,Safe Mechanical Lifting,SYNTHETIC
SYN-0407,NEAR_MISS,Worker used ladder at height without fall protection. Prototype record 407.,Work at Height,Fall Hazard,Fall Protection,FAILED,not used,true,HIGH,Working at Height,SYNTHETIC
SYN-0408,NEAR_MISS,Energy isolation was verified and documented before scheduled maintenance. Prototype record 408.,Maintenance,Stored Energy,Energy Isolation,EFFECTIVE,,false,LOW,Energy Isolation,SYNTHETIC
SYN-0409,UNSAFE_CONDITION,Technician started maintenance on the pump before energy isolation was verified. Prototype record 409.,Maintenance,Stored Energy,Energy Isolation,FAILED,not verified,true,HIGH,Energy Isolation,SYNTHETIC
SYN-0410,NEAR_MISS,Maintenance activity occurred near equipment and the supervisor recorded the observation. Prototype record 410.,Maintenance,,,UNKNOWN,,false,NON_SIF,,SYNTHETIC
SYN-0411,NEAR_MISS,Worker stood below a suspended load during crane lifting without barricading. Prototype record 411.,Lifting,Suspended Load,Barricading,FAILED,not used,true,HIGH,Line of Fire,SYNTHETIC
SYN-0412,UNSAFE_CONDITION,The designated walkway was cleaned after routine material handling. Prototype record 412.,Material Handling,,,UNKNOWN,,false,NON_SIF,,SYNTHETIC
SYN-0413,NEAR_MISS,Operator bypassed the rotating equipment interlock during operations. Prototype record 413.,Operations,Moving Machinery,Authorization,FAILED,bypassed,true,HIGH,Bypassing Safety Controls,SYNTHETIC
SYN-0414,NEAR_MISS,Approved lifting plan was reviewed by the competent person before the lift. Prototype record 414.,Lifting,Suspended Load,Lifting Plan,EFFECTIVE,,false,LOW,Safe Mechanical Lifting,SYNTHETIC
SYN-0415,UNSAFE_CONDITION,Worker used ladder at height without fall protection. Prototype record 415.,Work at Height,Fall Hazard,Fall Protection,FAILED,not used,true,HIGH,Working at Height,SYNTHETIC
SYN-0416,NEAR_MISS,Energy isolation was verified and documented before scheduled maintenance. Prototype record 416.,Maintenance,Stored Energy,Energy Isolation,EFFECTIVE,,false,LOW,Energy Isolation,SYNTHETIC
SYN-0417,NEAR_MISS,Technician started maintenance on the pump before energy isolation was verified. Prototype record 417.,Maintenance,Stored Energy,Energy Isolation,FAILED,not verified,true,HIGH,Energy Isolation,SYNTHETIC
SYN-0418,UNSAFE_CONDITION,Maintenance activity occurred near equipment and the supervisor recorded the observation. Prototype record 418.,Maintenance,,,UNKNOWN,,false,NON_SIF,,SYNTHETIC
SYN-0419,NEAR_MISS,Worker stood below a suspended load during crane lifting without barricading. Prototype record 419.,Lifting,Suspended Load,Barricading,FAILED,not used,true,HIGH,Line of Fire,SYNTHETIC
SYN-0420,NEAR_MISS,The designated walkway was cleaned after routine material handling. Prototype record 420.,Material Handling,,,UNKNOWN,,false,NON_SIF,,SYNTHETIC
SYN-0421,UNSAFE_CONDITION,Operator bypassed the rotating equipment interlock during operations. Prototype record 421.,Operations,Moving Machinery,Authorization,FAILED,bypassed,true,HIGH,Bypassing Safety Controls,SYNTHETIC
SYN-0422,NEAR_MISS,Approved lifting plan was reviewed by the competent person before the lift. Prototype record 422.,Lifting,Suspended Load,Lifting Plan,EFFECTIVE,,false,LOW,Safe Mechanical Lifting,SYNTHETIC
SYN-0423,NEAR_MISS,Worker used ladder at height without fall protection. Prototype record 423.,Work at Height,Fall Hazard,Fall Protection,FAILED,not used,true,HIGH,Working at Height,SYNTHETIC
SYN-0424,UNSAFE_CONDITION,Energy isolation was verified and documented before scheduled maintenance. Prototype record 424.,Maintenance,Stored Energy,Energy Isolation,EFFECTIVE,,false,LOW,Energy Isolation,SYNTHETIC
SYN-0425,NEAR_MISS,Technician started maintenance on the pump before energy isolation was verified. Prototype record 425.,Maintenance,Stored Energy,Energy Isolation,FAILED,not verified,true,HIGH,Energy Isolation,SYNTHETIC
SYN-0426,NEAR_MISS,Maintenance activity occurred near equipment and the supervisor recorded the observation. Prototype record 426.,Maintenance,,,UNKNOWN,,false,NON_SIF,,SYNTHETIC
SYN-0427,UNSAFE_CONDITION,Worker stood below a suspended load during crane lifting without barricading. Prototype record 427.,Lifting,Suspended Load,Barricading,FAILED,not used,true,HIGH,Line of Fire,SYNTHETIC
SYN-0428,NEAR_MISS,The designated walkway was cleaned after routine material handling. Prototype record 428.,Material Handling,,,UNKNOWN,,false,NON_SIF,,SYNTHETIC
SYN-0429,NEAR_MISS,Operator bypassed the rotating equipment interlock during operations. Prototype record 429.,Operations,Moving Machinery,Authorization,FAILED,bypassed,true,HIGH,Bypassing Safety Controls,SYNTHETIC
SYN-0430,UNSAFE_CONDITION,Approved lifting plan was reviewed by the competent person before the lift. Prototype record 430.,Lifting,Suspended Load,Lifting Plan,EFFECTIVE,,false,LOW,Safe Mechanical Lifting,SYNTHETIC
SYN-0431,NEAR_MISS,Worker used ladder at height without fall protection. Prototype record 431.,Work at Height,Fall Hazard,Fall Protection,FAILED,not used,true,HIGH,Working at Height,SYNTHETIC
SYN-0432,NEAR_MISS,Energy isolation was verified and documented before scheduled maintenance. Prototype record 432.,Maintenance,Stored Energy,Energy Isolation,EFFECTIVE,,false,LOW,Energy Isolation,SYNTHETIC
SYN-0433,UNSAFE_CONDITION,Technician started maintenance on the pump before energy isolation was verified. Prototype record 433.,Maintenance,Stored Energy,Energy Isolation,FAILED,not verified,true,HIGH,Energy Isolation,SYNTHETIC
SYN-0434,NEAR_MISS,Maintenance activity occurred near equipment and the supervisor recorded the observation. Prototype record 434.,Maintenance,,,UNKNOWN,,false,NON_SIF,,SYNTHETIC
SYN-0435,NEAR_MISS,Worker stood below a suspended load during crane lifting without barricading. Prototype record 435.,Lifting,Suspended Load,Barricading,FAILED,not used,true,HIGH,Line of Fire,SYNTHETIC
SYN-0436,UNSAFE_CONDITION,The designated walkway was cleaned after routine material handling. Prototype record 436.,Material Handling,,,UNKNOWN,,false,NON_SIF,,SYNTHETIC
SYN-0437,NEAR_MISS,Operator bypassed the rotating equipment interlock during operations. Prototype record 437.,Operations,Moving Machinery,Authorization,FAILED,bypassed,true,HIGH,Bypassing Safety Controls,SYNTHETIC
SYN-0438,NEAR_MISS,Approved lifting plan was reviewed by the competent person before the lift. Prototype record 438.,Lifting,Suspended Load,Lifting Plan,EFFECTIVE,,false,LOW,Safe Mechanical Lifting,SYNTHETIC
SYN-0439,UNSAFE_CONDITION,Worker used ladder at height without fall protection. Prototype record 439.,Work at Height,Fall Hazard,Fall Protection,FAILED,not used,true,HIGH,Working at Height,SYNTHETIC
SYN-0440,NEAR_MISS,Energy isolation was verified and documented before scheduled maintenance. Prototype record 440.,Maintenance,Stored Energy,Energy Isolation,EFFECTIVE,,false,LOW,Energy Isolation,SYNTHETIC
SYN-0441,NEAR_MISS,Technician started maintenance on the pump before energy isolation was verified. Prototype record 441.,Maintenance,Stored Energy,Energy Isolation,FAILED,not verified,true,HIGH,Energy Isolation,SYNTHETIC
SYN-0442,UNSAFE_CONDITION,Maintenance activity occurred near equipment and the supervisor recorded the observation. Prototype record 442.,Maintenance,,,UNKNOWN,,false,NON_SIF,,SYNTHETIC
SYN-0443,NEAR_MISS,Worker stood below a suspended load during crane lifting without barricading. Prototype record 443.,Lifting,Suspended Load,Barricading,FAILED,not used,true,HIGH,Line of Fire,SYNTHETIC
SYN-0444,NEAR_MISS,The designated walkway was cleaned after routine material handling. Prototype record 444.,Material Handling,,,UNKNOWN,,false,NON_SIF,,SYNTHETIC
SYN-0445,UNSAFE_CONDITION,Operator bypassed the rotating equipment interlock during operations. Prototype record 445.,Operations,Moving Machinery,Authorization,FAILED,bypassed,true,HIGH,Bypassing Safety Controls,SYNTHETIC
SYN-0446,NEAR_MISS,Approved lifting plan was reviewed by the competent person before the lift. Prototype record 446.,Lifting,Suspended Load,Lifting Plan,EFFECTIVE,,false,LOW,Safe Mechanical Lifting,SYNTHETIC
SYN-0447,NEAR_MISS,Worker used ladder at height without fall protection. Prototype record 447.,Work at Height,Fall Hazard,Fall Protection,FAILED,not used,true,HIGH,Working at Height,SYNTHETIC
SYN-0448,UNSAFE_CONDITION,Energy isolation was verified and documented before scheduled maintenance. Prototype record 448.,Maintenance,Stored Energy,Energy Isolation,EFFECTIVE,,false,LOW,Energy Isolation,SYNTHETIC
SYN-0449,NEAR_MISS,Technician started maintenance on the pump before energy isolation was verified. Prototype record 449.,Maintenance,Stored Energy,Energy Isolation,FAILED,not verified,true,HIGH,Energy Isolation,SYNTHETIC
SYN-0450,NEAR_MISS,Maintenance activity occurred near equipment and the supervisor recorded the observation. Prototype record 450.,Maintenance,,,UNKNOWN,,false,NON_SIF,,SYNTHETIC
SYN-0451,UNSAFE_CONDITION,Worker stood below a suspended load during crane lifting without barricading. Prototype record 451.,Lifting,Suspended Load,Barricading,FAILED,not used,true,HIGH,Line of Fire,SYNTHETIC
SYN-0452,NEAR_MISS,The designated walkway was cleaned after routine material handling. Prototype record 452.,Material Handling,,,UNKNOWN,,false,NON_SIF,,SYNTHETIC
SYN-0453,NEAR_MISS,Operator bypassed the rotating equipment interlock during operations. Prototype record 453.,Operations,Moving Machinery,Authorization,FAILED,bypassed,true,HIGH,Bypassing Safety Controls,SYNTHETIC
SYN-0454,UNSAFE_CONDITION,Approved lifting plan was reviewed by the competent person before the lift. Prototype record 454.,Lifting,Suspended Load,Lifting Plan,EFFECTIVE,,false,LOW,Safe Mechanical Lifting,SYNTHETIC
SYN-0455,NEAR_MISS,Worker used ladder at height without fall protection. Prototype record 455.,Work at Height,Fall Hazard,Fall Protection,FAILED,not used,true,HIGH,Working at Height,SYNTHETIC
SYN-0456,NEAR_MISS,Energy isolation was verified and documented before scheduled maintenance. Prototype record 456.,Maintenance,Stored Energy,Energy Isolation,EFFECTIVE,,false,LOW,Energy Isolation,SYNTHETIC
SYN-0457,UNSAFE_CONDITION,Technician started maintenance on the pump before energy isolation was verified. Prototype record 457.,Maintenance,Stored Energy,Energy Isolation,FAILED,not verified,true,HIGH,Energy Isolation,SYNTHETIC
SYN-0458,NEAR_MISS,Maintenance activity occurred near equipment and the supervisor recorded the observation. Prototype record 458.,Maintenance,,,UNKNOWN,,false,NON_SIF,,SYNTHETIC
SYN-0459,NEAR_MISS,Worker stood below a suspended load during crane lifting without barricading. Prototype record 459.,Lifting,Suspended Load,Barricading,FAILED,not used,true,HIGH,Line of Fire,SYNTHETIC
SYN-0460,UNSAFE_CONDITION,The designated walkway was cleaned after routine material handling. Prototype record 460.,Material Handling,,,UNKNOWN,,false,NON_SIF,,SYNTHETIC
SYN-0461,NEAR_MISS,Operator bypassed the rotating equipment interlock during operations. Prototype record 461.,Operations,Moving Machinery,Authorization,FAILED,bypassed,true,HIGH,Bypassing Safety Controls,SYNTHETIC
SYN-0462,NEAR_MISS,Approved lifting plan was reviewed by the competent person before the lift. Prototype record 462.,Lifting,Suspended Load,Lifting Plan,EFFECTIVE,,false,LOW,Safe Mechanical Lifting,SYNTHETIC
SYN-0463,UNSAFE_CONDITION,Worker used ladder at height without fall protection. Prototype record 463.,Work at Height,Fall Hazard,Fall Protection,FAILED,not used,true,HIGH,Working at Height,SYNTHETIC
SYN-0464,NEAR_MISS,Energy isolation was verified and documented before scheduled maintenance. Prototype record 464.,Maintenance,Stored Energy,Energy Isolation,EFFECTIVE,,false,LOW,Energy Isolation,SYNTHETIC
SYN-0465,NEAR_MISS,Technician started maintenance on the pump before energy isolation was verified. Prototype record 465.,Maintenance,Stored Energy,Energy Isolation,FAILED,not verified,true,HIGH,Energy Isolation,SYNTHETIC
SYN-0466,UNSAFE_CONDITION,Maintenance activity occurred near equipment and the supervisor recorded the observation. Prototype record 466.,Maintenance,,,UNKNOWN,,false,NON_SIF,,SYNTHETIC
SYN-0467,NEAR_MISS,Worker stood below a suspended load during crane lifting without barricading. Prototype record 467.,Lifting,Suspended Load,Barricading,FAILED,not used,true,HIGH,Line of Fire,SYNTHETIC
SYN-0468,NEAR_MISS,The designated walkway was cleaned after routine material handling. Prototype record 468.,Material Handling,,,UNKNOWN,,false,NON_SIF,,SYNTHETIC
SYN-0469,UNSAFE_CONDITION,Operator bypassed the rotating equipment interlock during operations. Prototype record 469.,Operations,Moving Machinery,Authorization,FAILED,bypassed,true,HIGH,Bypassing Safety Controls,SYNTHETIC
SYN-0470,NEAR_MISS,Approved lifting plan was reviewed by the competent person before the lift. Prototype record 470.,Lifting,Suspended Load,Lifting Plan,EFFECTIVE,,false,LOW,Safe Mechanical Lifting,SYNTHETIC
SYN-0471,NEAR_MISS,Worker used ladder at height without fall protection. Prototype record 471.,Work at Height,Fall Hazard,Fall Protection,FAILED,not used,true,HIGH,Working at Height,SYNTHETIC
SYN-0472,UNSAFE_CONDITION,Energy isolation was verified and documented before scheduled maintenance. Prototype record 472.,Maintenance,Stored Energy,Energy Isolation,EFFECTIVE,,false,LOW,Energy Isolation,SYNTHETIC
SYN-0473,NEAR_MISS,Technician started maintenance on the pump before energy isolation was verified. Prototype record 473.,Maintenance,Stored Energy,Energy Isolation,FAILED,not verified,true,HIGH,Energy Isolation,SYNTHETIC
SYN-0474,NEAR_MISS,Maintenance activity occurred near equipment and the supervisor recorded the observation. Prototype record 474.,Maintenance,,,UNKNOWN,,false,NON_SIF,,SYNTHETIC
SYN-0475,UNSAFE_CONDITION,Worker stood below a suspended load during crane lifting without barricading. Prototype record 475.,Lifting,Suspended Load,Barricading,FAILED,not used,true,HIGH,Line of Fire,SYNTHETIC
SYN-0476,NEAR_MISS,The designated walkway was cleaned after routine material handling. Prototype record 476.,Material Handling,,,UNKNOWN,,false,NON_SIF,,SYNTHETIC
SYN-0477,NEAR_MISS,Operator bypassed the rotating equipment interlock during operations. Prototype record 477.,Operations,Moving Machinery,Authorization,FAILED,bypassed,true,HIGH,Bypassing Safety Controls,SYNTHETIC
SYN-0478,UNSAFE_CONDITION,Approved lifting plan was reviewed by the competent person before the lift. Prototype record 478.,Lifting,Suspended Load,Lifting Plan,EFFECTIVE,,false,LOW,Safe Mechanical Lifting,SYNTHETIC
SYN-0479,NEAR_MISS,Worker used ladder at height without fall protection. Prototype record 479.,Work at Height,Fall Hazard,Fall Protection,FAILED,not used,true,HIGH,Working at Height,SYNTHETIC
SYN-0480,NEAR_MISS,Energy isolation was verified and documented before scheduled maintenance. Prototype record 480.,Maintenance,Stored Energy,Energy Isolation,EFFECTIVE,,false,LOW,Energy Isolation,SYNTHETIC
SYN-0481,UNSAFE_CONDITION,Technician started maintenance on the pump before energy isolation was verified. Prototype record 481.,Maintenance,Stored Energy,Energy Isolation,FAILED,not verified,true,HIGH,Energy Isolation,SYNTHETIC
SYN-0482,NEAR_MISS,Maintenance activity occurred near equipment and the supervisor recorded the observation. Prototype record 482.,Maintenance,,,UNKNOWN,,false,NON_SIF,,SYNTHETIC
SYN-0483,NEAR_MISS,Worker stood below a suspended load during crane lifting without barricading. Prototype record 483.,Lifting,Suspended Load,Barricading,FAILED,not used,true,HIGH,Line of Fire,SYNTHETIC
SYN-0484,UNSAFE_CONDITION,The designated walkway was cleaned after routine material handling. Prototype record 484.,Material Handling,,,UNKNOWN,,false,NON_SIF,,SYNTHETIC
SYN-0485,NEAR_MISS,Operator bypassed the rotating equipment interlock during operations. Prototype record 485.,Operations,Moving Machinery,Authorization,FAILED,bypassed,true,HIGH,Bypassing Safety Controls,SYNTHETIC
SYN-0486,NEAR_MISS,Approved lifting plan was reviewed by the competent person before the lift. Prototype record 486.,Lifting,Suspended Load,Lifting Plan,EFFECTIVE,,false,LOW,Safe Mechanical Lifting,SYNTHETIC
SYN-0487,UNSAFE_CONDITION,Worker used ladder at height without fall protection. Prototype record 487.,Work at Height,Fall Hazard,Fall Protection,FAILED,not used,true,HIGH,Working at Height,SYNTHETIC
SYN-0488,NEAR_MISS,Energy isolation was verified and documented before scheduled maintenance. Prototype record 488.,Maintenance,Stored Energy,Energy Isolation,EFFECTIVE,,false,LOW,Energy Isolation,SYNTHETIC
SYN-0489,NEAR_MISS,Technician started maintenance on the pump before energy isolation was verified. Prototype record 489.,Maintenance,Stored Energy,Energy Isolation,FAILED,not verified,true,HIGH,Energy Isolation,SYNTHETIC
SYN-0490,UNSAFE_CONDITION,Maintenance activity occurred near equipment and the supervisor recorded the observation. Prototype record 490.,Maintenance,,,UNKNOWN,,false,NON_SIF,,SYNTHETIC
SYN-0491,NEAR_MISS,Worker stood below a suspended load during crane lifting without barricading. Prototype record 491.,Lifting,Suspended Load,Barricading,FAILED,not used,true,HIGH,Line of Fire,SYNTHETIC
SYN-0492,NEAR_MISS,The designated walkway was cleaned after routine material handling. Prototype record 492.,Material Handling,,,UNKNOWN,,false,NON_SIF,,SYNTHETIC
SYN-0493,UNSAFE_CONDITION,Operator bypassed the rotating equipment interlock during operations. Prototype record 493.,Operations,Moving Machinery,Authorization,FAILED,bypassed,true,HIGH,Bypassing Safety Controls,SYNTHETIC
SYN-0494,NEAR_MISS,Approved lifting plan was reviewed by the competent person before the lift. Prototype record 494.,Lifting,Suspended Load,Lifting Plan,EFFECTIVE,,false,LOW,Safe Mechanical Lifting,SYNTHETIC
SYN-0495,NEAR_MISS,Worker used ladder at height without fall protection. Prototype record 495.,Work at Height,Fall Hazard,Fall Protection,FAILED,not used,true,HIGH,Working at Height,SYNTHETIC
SYN-0496,UNSAFE_CONDITION,Energy isolation was verified and documented before scheduled maintenance. Prototype record 496.,Maintenance,Stored Energy,Energy Isolation,EFFECTIVE,,false,LOW,Energy Isolation,SYNTHETIC
SYN-0497,NEAR_MISS,Technician started maintenance on the pump before energy isolation was verified. Prototype record 497.,Maintenance,Stored Energy,Energy Isolation,FAILED,not verified,true,HIGH,Energy Isolation,SYNTHETIC
SYN-0498,NEAR_MISS,Maintenance activity occurred near equipment and the supervisor recorded the observation. Prototype record 498.,Maintenance,,,UNKNOWN,,false,NON_SIF,,SYNTHETIC
SYN-0499,UNSAFE_CONDITION,Worker stood below a suspended load during crane lifting without barricading. Prototype record 499.,Lifting,Suspended Load,Barricading,FAILED,not used,true,HIGH,Line of Fire,SYNTHETIC
SYN-0500,NEAR_MISS,The designated walkway was cleaned after routine material handling. Prototype record 500.,Material Handling,,,UNKNOWN,,false,NON_SIF,,SYNTHETIC
SYN-0501,NEAR_MISS,Operator bypassed the rotating equipment interlock during operations. Prototype record 501.,Operations,Moving Machinery,Authorization,FAILED,bypassed,true,HIGH,Bypassing Safety Controls,SYNTHETIC
SYN-0502,UNSAFE_CONDITION,Approved lifting plan was reviewed by the competent person before the lift. Prototype record 502.,Lifting,Suspended Load,Lifting Plan,EFFECTIVE,,false,LOW,Safe Mechanical Lifting,SYNTHETIC
SYN-0503,NEAR_MISS,Worker used ladder at height without fall protection. Prototype record 503.,Work at Height,Fall Hazard,Fall Protection,FAILED,not used,true,HIGH,Working at Height,SYNTHETIC
SYN-0504,NEAR_MISS,Energy isolation was verified and documented before scheduled maintenance. Prototype record 504.,Maintenance,Stored Energy,Energy Isolation,EFFECTIVE,,false,LOW,Energy Isolation,SYNTHETIC
SYN-0505,UNSAFE_CONDITION,Technician started maintenance on the pump before energy isolation was verified. Prototype record 505.,Maintenance,Stored Energy,Energy Isolation,FAILED,not verified,true,HIGH,Energy Isolation,SYNTHETIC
SYN-0506,NEAR_MISS,Maintenance activity occurred near equipment and the supervisor recorded the observation. Prototype record 506.,Maintenance,,,UNKNOWN,,false,NON_SIF,,SYNTHETIC
SYN-0507,NEAR_MISS,Worker stood below a suspended load during crane lifting without barricading. Prototype record 507.,Lifting,Suspended Load,Barricading,FAILED,not used,true,HIGH,Line of Fire,SYNTHETIC
SYN-0508,UNSAFE_CONDITION,The designated walkway was cleaned after routine material handling. Prototype record 508.,Material Handling,,,UNKNOWN,,false,NON_SIF,,SYNTHETIC
SYN-0509,NEAR_MISS,Operator bypassed the rotating equipment interlock during operations. Prototype record 509.,Operations,Moving Machinery,Authorization,FAILED,bypassed,true,HIGH,Bypassing Safety Controls,SYNTHETIC
SYN-0510,NEAR_MISS,Approved lifting plan was reviewed by the competent person before the lift. Prototype record 510.,Lifting,Suspended Load,Lifting Plan,EFFECTIVE,,false,LOW,Safe Mechanical Lifting,SYNTHETIC
SYN-0511,UNSAFE_CONDITION,Worker used ladder at height without fall protection. Prototype record 511.,Work at Height,Fall Hazard,Fall Protection,FAILED,not used,true,HIGH,Working at Height,SYNTHETIC
SYN-0512,NEAR_MISS,Energy isolation was verified and documented before scheduled maintenance. Prototype record 512.,Maintenance,Stored Energy,Energy Isolation,EFFECTIVE,,false,LOW,Energy Isolation,SYNTHETIC
SYN-0513,NEAR_MISS,Technician started maintenance on the pump before energy isolation was verified. Prototype record 513.,Maintenance,Stored Energy,Energy Isolation,FAILED,not verified,true,HIGH,Energy Isolation,SYNTHETIC
SYN-0514,UNSAFE_CONDITION,Maintenance activity occurred near equipment and the supervisor recorded the observation. Prototype record 514.,Maintenance,,,UNKNOWN,,false,NON_SIF,,SYNTHETIC
SYN-0515,NEAR_MISS,Worker stood below a suspended load during crane lifting without barricading. Prototype record 515.,Lifting,Suspended Load,Barricading,FAILED,not used,true,HIGH,Line of Fire,SYNTHETIC
SYN-0516,NEAR_MISS,The designated walkway was cleaned after routine material handling. Prototype record 516.,Material Handling,,,UNKNOWN,,false,NON_SIF,,SYNTHETIC
SYN-0517,UNSAFE_CONDITION,Operator bypassed the rotating equipment interlock during operations. Prototype record 517.,Operations,Moving Machinery,Authorization,FAILED,bypassed,true,HIGH,Bypassing Safety Controls,SYNTHETIC
SYN-0518,NEAR_MISS,Approved lifting plan was reviewed by the competent person before the lift. Prototype record 518.,Lifting,Suspended Load,Lifting Plan,EFFECTIVE,,false,LOW,Safe Mechanical Lifting,SYNTHETIC
SYN-0519,NEAR_MISS,Worker used ladder at height without fall protection. Prototype record 519.,Work at Height,Fall Hazard,Fall Protection,FAILED,not used,true,HIGH,Working at Height,SYNTHETIC
SYN-0520,UNSAFE_CONDITION,Energy isolation was verified and documented before scheduled maintenance. Prototype record 520.,Maintenance,Stored Energy,Energy Isolation,EFFECTIVE,,false,LOW,Energy Isolation,SYNTHETIC
SYN-0521,NEAR_MISS,Technician started maintenance on the pump before energy isolation was verified. Prototype record 521.,Maintenance,Stored Energy,Energy Isolation,FAILED,not verified,true,HIGH,Energy Isolation,SYNTHETIC
SYN-0522,NEAR_MISS,Maintenance activity occurred near equipment and the supervisor recorded the observation. Prototype record 522.,Maintenance,,,UNKNOWN,,false,NON_SIF,,SYNTHETIC
SYN-0523,UNSAFE_CONDITION,Worker stood below a suspended load during crane lifting without barricading. Prototype record 523.,Lifting,Suspended Load,Barricading,FAILED,not used,true,HIGH,Line of Fire,SYNTHETIC
SYN-0524,NEAR_MISS,The designated walkway was cleaned after routine material handling. Prototype record 524.,Material Handling,,,UNKNOWN,,false,NON_SIF,,SYNTHETIC
SYN-0525,NEAR_MISS,Operator bypassed the rotating equipment interlock during operations. Prototype record 525.,Operations,Moving Machinery,Authorization,FAILED,bypassed,true,HIGH,Bypassing Safety Controls,SYNTHETIC
SYN-0526,UNSAFE_CONDITION,Approved lifting plan was reviewed by the competent person before the lift. Prototype record 526.,Lifting,Suspended Load,Lifting Plan,EFFECTIVE,,false,LOW,Safe Mechanical Lifting,SYNTHETIC
SYN-0527,NEAR_MISS,Worker used ladder at height without fall protection. Prototype record 527.,Work at Height,Fall Hazard,Fall Protection,FAILED,not used,true,HIGH,Working at Height,SYNTHETIC
SYN-0528,NEAR_MISS,Energy isolation was verified and documented before scheduled maintenance. Prototype record 528.,Maintenance,Stored Energy,Energy Isolation,EFFECTIVE,,false,LOW,Energy Isolation,SYNTHETIC
SYN-0529,UNSAFE_CONDITION,Technician started maintenance on the pump before energy isolation was verified. Prototype record 529.,Maintenance,Stored Energy,Energy Isolation,FAILED,not verified,true,HIGH,Energy Isolation,SYNTHETIC
SYN-0530,NEAR_MISS,Maintenance activity occurred near equipment and the supervisor recorded the observation. Prototype record 530.,Maintenance,,,UNKNOWN,,false,NON_SIF,,SYNTHETIC
SYN-0531,NEAR_MISS,Worker stood below a suspended load during crane lifting without barricading. Prototype record 531.,Lifting,Suspended Load,Barricading,FAILED,not used,true,HIGH,Line of Fire,SYNTHETIC
SYN-0532,UNSAFE_CONDITION,The designated walkway was cleaned after routine material handling. Prototype record 532.,Material Handling,,,UNKNOWN,,false,NON_SIF,,SYNTHETIC
SYN-0533,NEAR_MISS,Operator bypassed the rotating equipment interlock during operations. Prototype record 533.,Operations,Moving Machinery,Authorization,FAILED,bypassed,true,HIGH,Bypassing Safety Controls,SYNTHETIC
SYN-0534,NEAR_MISS,Approved lifting plan was reviewed by the competent person before the lift. Prototype record 534.,Lifting,Suspended Load,Lifting Plan,EFFECTIVE,,false,LOW,Safe Mechanical Lifting,SYNTHETIC
SYN-0535,UNSAFE_CONDITION,Worker used ladder at height without fall protection. Prototype record 535.,Work at Height,Fall Hazard,Fall Protection,FAILED,not used,true,HIGH,Working at Height,SYNTHETIC
SYN-0536,NEAR_MISS,Energy isolation was verified and documented before scheduled maintenance. Prototype record 536.,Maintenance,Stored Energy,Energy Isolation,EFFECTIVE,,false,LOW,Energy Isolation,SYNTHETIC
SYN-0537,NEAR_MISS,Technician started maintenance on the pump before energy isolation was verified. Prototype record 537.,Maintenance,Stored Energy,Energy Isolation,FAILED,not verified,true,HIGH,Energy Isolation,SYNTHETIC
SYN-0538,UNSAFE_CONDITION,Maintenance activity occurred near equipment and the supervisor recorded the observation. Prototype record 538.,Maintenance,,,UNKNOWN,,false,NON_SIF,,SYNTHETIC
SYN-0539,NEAR_MISS,Worker stood below a suspended load during crane lifting without barricading. Prototype record 539.,Lifting,Suspended Load,Barricading,FAILED,not used,true,HIGH,Line of Fire,SYNTHETIC
SYN-0540,NEAR_MISS,The designated walkway was cleaned after routine material handling. Prototype record 540.,Material Handling,,,UNKNOWN,,false,NON_SIF,,SYNTHETIC
SYN-0541,UNSAFE_CONDITION,Operator bypassed the rotating equipment interlock during operations. Prototype record 541.,Operations,Moving Machinery,Authorization,FAILED,bypassed,true,HIGH,Bypassing Safety Controls,SYNTHETIC
SYN-0542,NEAR_MISS,Approved lifting plan was reviewed by the competent person before the lift. Prototype record 542.,Lifting,Suspended Load,Lifting Plan,EFFECTIVE,,false,LOW,Safe Mechanical Lifting,SYNTHETIC
SYN-0543,NEAR_MISS,Worker used ladder at height without fall protection. Prototype record 543.,Work at Height,Fall Hazard,Fall Protection,FAILED,not used,true,HIGH,Working at Height,SYNTHETIC
SYN-0544,UNSAFE_CONDITION,Energy isolation was verified and documented before scheduled maintenance. Prototype record 544.,Maintenance,Stored Energy,Energy Isolation,EFFECTIVE,,false,LOW,Energy Isolation,SYNTHETIC
SYN-0545,NEAR_MISS,Technician started maintenance on the pump before energy isolation was verified. Prototype record 545.,Maintenance,Stored Energy,Energy Isolation,FAILED,not verified,true,HIGH,Energy Isolation,SYNTHETIC
SYN-0546,NEAR_MISS,Maintenance activity occurred near equipment and the supervisor recorded the observation. Prototype record 546.,Maintenance,,,UNKNOWN,,false,NON_SIF,,SYNTHETIC
SYN-0547,UNSAFE_CONDITION,Worker stood below a suspended load during crane lifting without barricading. Prototype record 547.,Lifting,Suspended Load,Barricading,FAILED,not used,true,HIGH,Line of Fire,SYNTHETIC
SYN-0548,NEAR_MISS,The designated walkway was cleaned after routine material handling. Prototype record 548.,Material Handling,,,UNKNOWN,,false,NON_SIF,,SYNTHETIC
SYN-0549,NEAR_MISS,Operator bypassed the rotating equipment interlock during operations. Prototype record 549.,Operations,Moving Machinery,Authorization,FAILED,bypassed,true,HIGH,Bypassing Safety Controls,SYNTHETIC
SYN-0550,UNSAFE_CONDITION,Approved lifting plan was reviewed by the competent person before the lift. Prototype record 550.,Lifting,Suspended Load,Lifting Plan,EFFECTIVE,,false,LOW,Safe Mechanical Lifting,SYNTHETIC
SYN-0551,NEAR_MISS,Worker used ladder at height without fall protection. Prototype record 551.,Work at Height,Fall Hazard,Fall Protection,FAILED,not used,true,HIGH,Working at Height,SYNTHETIC
SYN-0552,NEAR_MISS,Energy isolation was verified and documented before scheduled maintenance. Prototype record 552.,Maintenance,Stored Energy,Energy Isolation,EFFECTIVE,,false,LOW,Energy Isolation,SYNTHETIC
SYN-0553,UNSAFE_CONDITION,Technician started maintenance on the pump before energy isolation was verified. Prototype record 553.,Maintenance,Stored Energy,Energy Isolation,FAILED,not verified,true,HIGH,Energy Isolation,SYNTHETIC
SYN-0554,NEAR_MISS,Maintenance activity occurred near equipment and the supervisor recorded the observation. Prototype record 554.,Maintenance,,,UNKNOWN,,false,NON_SIF,,SYNTHETIC
SYN-0555,NEAR_MISS,Worker stood below a suspended load during crane lifting without barricading. Prototype record 555.,Lifting,Suspended Load,Barricading,FAILED,not used,true,HIGH,Line of Fire,SYNTHETIC
SYN-0556,UNSAFE_CONDITION,The designated walkway was cleaned after routine material handling. Prototype record 556.,Material Handling,,,UNKNOWN,,false,NON_SIF,,SYNTHETIC
SYN-0557,NEAR_MISS,Operator bypassed the rotating equipment interlock during operations. Prototype record 557.,Operations,Moving Machinery,Authorization,FAILED,bypassed,true,HIGH,Bypassing Safety Controls,SYNTHETIC
SYN-0558,NEAR_MISS,Approved lifting plan was reviewed by the competent person before the lift. Prototype record 558.,Lifting,Suspended Load,Lifting Plan,EFFECTIVE,,false,LOW,Safe Mechanical Lifting,SYNTHETIC
SYN-0559,UNSAFE_CONDITION,Worker used ladder at height without fall protection. Prototype record 559.,Work at Height,Fall Hazard,Fall Protection,FAILED,not used,true,HIGH,Working at Height,SYNTHETIC
SYN-0560,NEAR_MISS,Energy isolation was verified and documented before scheduled maintenance. Prototype record 560.,Maintenance,Stored Energy,Energy Isolation,EFFECTIVE,,false,LOW,Energy Isolation,SYNTHETIC
SYN-0561,NEAR_MISS,Technician started maintenance on the pump before energy isolation was verified. Prototype record 561.,Maintenance,Stored Energy,Energy Isolation,FAILED,not verified,true,HIGH,Energy Isolation,SYNTHETIC
SYN-0562,UNSAFE_CONDITION,Maintenance activity occurred near equipment and the supervisor recorded the observation. Prototype record 562.,Maintenance,,,UNKNOWN,,false,NON_SIF,,SYNTHETIC
SYN-0563,NEAR_MISS,Worker stood below a suspended load during crane lifting without barricading. Prototype record 563.,Lifting,Suspended Load,Barricading,FAILED,not used,true,HIGH,Line of Fire,SYNTHETIC
SYN-0564,NEAR_MISS,The designated walkway was cleaned after routine material handling. Prototype record 564.,Material Handling,,,UNKNOWN,,false,NON_SIF,,SYNTHETIC
SYN-0565,UNSAFE_CONDITION,Operator bypassed the rotating equipment interlock during operations. Prototype record 565.,Operations,Moving Machinery,Authorization,FAILED,bypassed,true,HIGH,Bypassing Safety Controls,SYNTHETIC
SYN-0566,NEAR_MISS,Approved lifting plan was reviewed by the competent person before the lift. Prototype record 566.,Lifting,Suspended Load,Lifting Plan,EFFECTIVE,,false,LOW,Safe Mechanical Lifting,SYNTHETIC
SYN-0567,NEAR_MISS,Worker used ladder at height without fall protection. Prototype record 567.,Work at Height,Fall Hazard,Fall Protection,FAILED,not used,true,HIGH,Working at Height,SYNTHETIC
SYN-0568,UNSAFE_CONDITION,Energy isolation was verified and documented before scheduled maintenance. Prototype record 568.,Maintenance,Stored Energy,Energy Isolation,EFFECTIVE,,false,LOW,Energy Isolation,SYNTHETIC
SYN-0569,NEAR_MISS,Technician started maintenance on the pump before energy isolation was verified. Prototype record 569.,Maintenance,Stored Energy,Energy Isolation,FAILED,not verified,true,HIGH,Energy Isolation,SYNTHETIC
SYN-0570,NEAR_MISS,Maintenance activity occurred near equipment and the supervisor recorded the observation. Prototype record 570.,Maintenance,,,UNKNOWN,,false,NON_SIF,,SYNTHETIC
SYN-0571,UNSAFE_CONDITION,Worker stood below a suspended load during crane lifting without barricading. Prototype record 571.,Lifting,Suspended Load,Barricading,FAILED,not used,true,HIGH,Line of Fire,SYNTHETIC
SYN-0572,NEAR_MISS,The designated walkway was cleaned after routine material handling. Prototype record 572.,Material Handling,,,UNKNOWN,,false,NON_SIF,,SYNTHETIC
SYN-0573,NEAR_MISS,Operator bypassed the rotating equipment interlock during operations. Prototype record 573.,Operations,Moving Machinery,Authorization,FAILED,bypassed,true,HIGH,Bypassing Safety Controls,SYNTHETIC
SYN-0574,UNSAFE_CONDITION,Approved lifting plan was reviewed by the competent person before the lift. Prototype record 574.,Lifting,Suspended Load,Lifting Plan,EFFECTIVE,,false,LOW,Safe Mechanical Lifting,SYNTHETIC
SYN-0575,NEAR_MISS,Worker used ladder at height without fall protection. Prototype record 575.,Work at Height,Fall Hazard,Fall Protection,FAILED,not used,true,HIGH,Working at Height,SYNTHETIC
SYN-0576,NEAR_MISS,Energy isolation was verified and documented before scheduled maintenance. Prototype record 576.,Maintenance,Stored Energy,Energy Isolation,EFFECTIVE,,false,LOW,Energy Isolation,SYNTHETIC
SYN-0577,UNSAFE_CONDITION,Technician started maintenance on the pump before energy isolation was verified. Prototype record 577.,Maintenance,Stored Energy,Energy Isolation,FAILED,not verified,true,HIGH,Energy Isolation,SYNTHETIC
SYN-0578,NEAR_MISS,Maintenance activity occurred near equipment and the supervisor recorded the observation. Prototype record 578.,Maintenance,,,UNKNOWN,,false,NON_SIF,,SYNTHETIC
SYN-0579,NEAR_MISS,Worker stood below a suspended load during crane lifting without barricading. Prototype record 579.,Lifting,Suspended Load,Barricading,FAILED,not used,true,HIGH,Line of Fire,SYNTHETIC
SYN-0580,UNSAFE_CONDITION,The designated walkway was cleaned after routine material handling. Prototype record 580.,Material Handling,,,UNKNOWN,,false,NON_SIF,,SYNTHETIC
SYN-0581,NEAR_MISS,Operator bypassed the rotating equipment interlock during operations. Prototype record 581.,Operations,Moving Machinery,Authorization,FAILED,bypassed,true,HIGH,Bypassing Safety Controls,SYNTHETIC
SYN-0582,NEAR_MISS,Approved lifting plan was reviewed by the competent person before the lift. Prototype record 582.,Lifting,Suspended Load,Lifting Plan,EFFECTIVE,,false,LOW,Safe Mechanical Lifting,SYNTHETIC
SYN-0583,UNSAFE_CONDITION,Worker used ladder at height without fall protection. Prototype record 583.,Work at Height,Fall Hazard,Fall Protection,FAILED,not used,true,HIGH,Working at Height,SYNTHETIC
SYN-0584,NEAR_MISS,Energy isolation was verified and documented before scheduled maintenance. Prototype record 584.,Maintenance,Stored Energy,Energy Isolation,EFFECTIVE,,false,LOW,Energy Isolation,SYNTHETIC
SYN-0585,NEAR_MISS,Technician started maintenance on the pump before energy isolation was verified. Prototype record 585.,Maintenance,Stored Energy,Energy Isolation,FAILED,not verified,true,HIGH,Energy Isolation,SYNTHETIC
SYN-0586,UNSAFE_CONDITION,Maintenance activity occurred near equipment and the supervisor recorded the observation. Prototype record 586.,Maintenance,,,UNKNOWN,,false,NON_SIF,,SYNTHETIC
SYN-0587,NEAR_MISS,Worker stood below a suspended load during crane lifting without barricading. Prototype record 587.,Lifting,Suspended Load,Barricading,FAILED,not used,true,HIGH,Line of Fire,SYNTHETIC
SYN-0588,NEAR_MISS,The designated walkway was cleaned after routine material handling. Prototype record 588.,Material Handling,,,UNKNOWN,,false,NON_SIF,,SYNTHETIC
SYN-0589,UNSAFE_CONDITION,Operator bypassed the rotating equipment interlock during operations. Prototype record 589.,Operations,Moving Machinery,Authorization,FAILED,bypassed,true,HIGH,Bypassing Safety Controls,SYNTHETIC
SYN-0590,NEAR_MISS,Approved lifting plan was reviewed by the competent person before the lift. Prototype record 590.,Lifting,Suspended Load,Lifting Plan,EFFECTIVE,,false,LOW,Safe Mechanical Lifting,SYNTHETIC
SYN-0591,NEAR_MISS,Worker used ladder at height without fall protection. Prototype record 591.,Work at Height,Fall Hazard,Fall Protection,FAILED,not used,true,HIGH,Working at Height,SYNTHETIC
SYN-0592,UNSAFE_CONDITION,Energy isolation was verified and documented before scheduled maintenance. Prototype record 592.,Maintenance,Stored Energy,Energy Isolation,EFFECTIVE,,false,LOW,Energy Isolation,SYNTHETIC
SYN-0593,NEAR_MISS,Technician started maintenance on the pump before energy isolation was verified. Prototype record 593.,Maintenance,Stored Energy,Energy Isolation,FAILED,not verified,true,HIGH,Energy Isolation,SYNTHETIC
SYN-0594,NEAR_MISS,Maintenance activity occurred near equipment and the supervisor recorded the observation. Prototype record 594.,Maintenance,,,UNKNOWN,,false,NON_SIF,,SYNTHETIC
SYN-0595,UNSAFE_CONDITION,Worker stood below a suspended load during crane lifting without barricading. Prototype record 595.,Lifting,Suspended Load,Barricading,FAILED,not used,true,HIGH,Line of Fire,SYNTHETIC
SYN-0596,NEAR_MISS,The designated walkway was cleaned after routine material handling. Prototype record 596.,Material Handling,,,UNKNOWN,,false,NON_SIF,,SYNTHETIC
SYN-0597,NEAR_MISS,Operator bypassed the rotating equipment interlock during operations. Prototype record 597.,Operations,Moving Machinery,Authorization,FAILED,bypassed,true,HIGH,Bypassing Safety Controls,SYNTHETIC
SYN-0598,UNSAFE_CONDITION,Approved lifting plan was reviewed by the competent person before the lift. Prototype record 598.,Lifting,Suspended Load,Lifting Plan,EFFECTIVE,,false,LOW,Safe Mechanical Lifting,SYNTHETIC
SYN-0599,NEAR_MISS,Worker used ladder at height without fall protection. Prototype record 599.,Work at Height,Fall Hazard,Fall Protection,FAILED,not used,true,HIGH,Working at Height,SYNTHETIC
SYN-0600,NEAR_MISS,Energy isolation was verified and documented before scheduled maintenance. Prototype record 600.,Maintenance,Stored Energy,Energy Isolation,EFFECTIVE,,false,LOW,Energy Isolation,SYNTHETIC
SYN-0601,UNSAFE_CONDITION,Technician started maintenance on the pump before energy isolation was verified. Prototype record 601.,Maintenance,Stored Energy,Energy Isolation,FAILED,not verified,true,HIGH,Energy Isolation,SYNTHETIC
SYN-0602,NEAR_MISS,Maintenance activity occurred near equipment and the supervisor recorded the observation. Prototype record 602.,Maintenance,,,UNKNOWN,,false,NON_SIF,,SYNTHETIC
SYN-0603,NEAR_MISS,Worker stood below a suspended load during crane lifting without barricading. Prototype record 603.,Lifting,Suspended Load,Barricading,FAILED,not used,true,HIGH,Line of Fire,SYNTHETIC
SYN-0604,UNSAFE_CONDITION,The designated walkway was cleaned after routine material handling. Prototype record 604.,Material Handling,,,UNKNOWN,,false,NON_SIF,,SYNTHETIC
SYN-0605,NEAR_MISS,Operator bypassed the rotating equipment interlock during operations. Prototype record 605.,Operations,Moving Machinery,Authorization,FAILED,bypassed,true,HIGH,Bypassing Safety Controls,SYNTHETIC
SYN-0606,NEAR_MISS,Approved lifting plan was reviewed by the competent person before the lift. Prototype record 606.,Lifting,Suspended Load,Lifting Plan,EFFECTIVE,,false,LOW,Safe Mechanical Lifting,SYNTHETIC
SYN-0607,UNSAFE_CONDITION,Worker used ladder at height without fall protection. Prototype record 607.,Work at Height,Fall Hazard,Fall Protection,FAILED,not used,true,HIGH,Working at Height,SYNTHETIC
SYN-0608,NEAR_MISS,Energy isolation was verified and documented before scheduled maintenance. Prototype record 608.,Maintenance,Stored Energy,Energy Isolation,EFFECTIVE,,false,LOW,Energy Isolation,SYNTHETIC
SYN-0609,NEAR_MISS,Technician started maintenance on the pump before energy isolation was verified. Prototype record 609.,Maintenance,Stored Energy,Energy Isolation,FAILED,not verified,true,HIGH,Energy Isolation,SYNTHETIC
SYN-0610,UNSAFE_CONDITION,Maintenance activity occurred near equipment and the supervisor recorded the observation. Prototype record 610.,Maintenance,,,UNKNOWN,,false,NON_SIF,,SYNTHETIC
SYN-0611,NEAR_MISS,Worker stood below a suspended load during crane lifting without barricading. Prototype record 611.,Lifting,Suspended Load,Barricading,FAILED,not used,true,HIGH,Line of Fire,SYNTHETIC
SYN-0612,NEAR_MISS,The designated walkway was cleaned after routine material handling. Prototype record 612.,Material Handling,,,UNKNOWN,,false,NON_SIF,,SYNTHETIC
SYN-0613,UNSAFE_CONDITION,Operator bypassed the rotating equipment interlock during operations. Prototype record 613.,Operations,Moving Machinery,Authorization,FAILED,bypassed,true,HIGH,Bypassing Safety Controls,SYNTHETIC
SYN-0614,NEAR_MISS,Approved lifting plan was reviewed by the competent person before the lift. Prototype record 614.,Lifting,Suspended Load,Lifting Plan,EFFECTIVE,,false,LOW,Safe Mechanical Lifting,SYNTHETIC
SYN-0615,NEAR_MISS,Worker used ladder at height without fall protection. Prototype record 615.,Work at Height,Fall Hazard,Fall Protection,FAILED,not used,true,HIGH,Working at Height,SYNTHETIC
SYN-0616,UNSAFE_CONDITION,Energy isolation was verified and documented before scheduled maintenance. Prototype record 616.,Maintenance,Stored Energy,Energy Isolation,EFFECTIVE,,false,LOW,Energy Isolation,SYNTHETIC
SYN-0617,NEAR_MISS,Technician started maintenance on the pump before energy isolation was verified. Prototype record 617.,Maintenance,Stored Energy,Energy Isolation,FAILED,not verified,true,HIGH,Energy Isolation,SYNTHETIC
SYN-0618,NEAR_MISS,Maintenance activity occurred near equipment and the supervisor recorded the observation. Prototype record 618.,Maintenance,,,UNKNOWN,,false,NON_SIF,,SYNTHETIC
SYN-0619,UNSAFE_CONDITION,Worker stood below a suspended load during crane lifting without barricading. Prototype record 619.,Lifting,Suspended Load,Barricading,FAILED,not used,true,HIGH,Line of Fire,SYNTHETIC
SYN-0620,NEAR_MISS,The designated walkway was cleaned after routine material handling. Prototype record 620.,Material Handling,,,UNKNOWN,,false,NON_SIF,,SYNTHETIC
SYN-0621,NEAR_MISS,Operator bypassed the rotating equipment interlock during operations. Prototype record 621.,Operations,Moving Machinery,Authorization,FAILED,bypassed,true,HIGH,Bypassing Safety Controls,SYNTHETIC
SYN-0622,UNSAFE_CONDITION,Approved lifting plan was reviewed by the competent person before the lift. Prototype record 622.,Lifting,Suspended Load,Lifting Plan,EFFECTIVE,,false,LOW,Safe Mechanical Lifting,SYNTHETIC
SYN-0623,NEAR_MISS,Worker used ladder at height without fall protection. Prototype record 623.,Work at Height,Fall Hazard,Fall Protection,FAILED,not used,true,HIGH,Working at Height,SYNTHETIC
SYN-0624,NEAR_MISS,Energy isolation was verified and documented before scheduled maintenance. Prototype record 624.,Maintenance,Stored Energy,Energy Isolation,EFFECTIVE,,false,LOW,Energy Isolation,SYNTHETIC
SYN-0625,UNSAFE_CONDITION,Technician started maintenance on the pump before energy isolation was verified. Prototype record 625.,Maintenance,Stored Energy,Energy Isolation,FAILED,not verified,true,HIGH,Energy Isolation,SYNTHETIC
SYN-0626,NEAR_MISS,Maintenance activity occurred near equipment and the supervisor recorded the observation. Prototype record 626.,Maintenance,,,UNKNOWN,,false,NON_SIF,,SYNTHETIC
SYN-0627,NEAR_MISS,Worker stood below a suspended load during crane lifting without barricading. Prototype record 627.,Lifting,Suspended Load,Barricading,FAILED,not used,true,HIGH,Line of Fire,SYNTHETIC
SYN-0628,UNSAFE_CONDITION,The designated walkway was cleaned after routine material handling. Prototype record 628.,Material Handling,,,UNKNOWN,,false,NON_SIF,,SYNTHETIC
SYN-0629,NEAR_MISS,Operator bypassed the rotating equipment interlock during operations. Prototype record 629.,Operations,Moving Machinery,Authorization,FAILED,bypassed,true,HIGH,Bypassing Safety Controls,SYNTHETIC
SYN-0630,NEAR_MISS,Approved lifting plan was reviewed by the competent person before the lift. Prototype record 630.,Lifting,Suspended Load,Lifting Plan,EFFECTIVE,,false,LOW,Safe Mechanical Lifting,SYNTHETIC
SYN-0631,UNSAFE_CONDITION,Worker used ladder at height without fall protection. Prototype record 631.,Work at Height,Fall Hazard,Fall Protection,FAILED,not used,true,HIGH,Working at Height,SYNTHETIC
SYN-0632,NEAR_MISS,Energy isolation was verified and documented before scheduled maintenance. Prototype record 632.,Maintenance,Stored Energy,Energy Isolation,EFFECTIVE,,false,LOW,Energy Isolation,SYNTHETIC
SYN-0633,NEAR_MISS,Technician started maintenance on the pump before energy isolation was verified. Prototype record 633.,Maintenance,Stored Energy,Energy Isolation,FAILED,not verified,true,HIGH,Energy Isolation,SYNTHETIC
SYN-0634,UNSAFE_CONDITION,Maintenance activity occurred near equipment and the supervisor recorded the observation. Prototype record 634.,Maintenance,,,UNKNOWN,,false,NON_SIF,,SYNTHETIC
SYN-0635,NEAR_MISS,Worker stood below a suspended load during crane lifting without barricading. Prototype record 635.,Lifting,Suspended Load,Barricading,FAILED,not used,true,HIGH,Line of Fire,SYNTHETIC
SYN-0636,NEAR_MISS,The designated walkway was cleaned after routine material handling. Prototype record 636.,Material Handling,,,UNKNOWN,,false,NON_SIF,,SYNTHETIC
SYN-0637,UNSAFE_CONDITION,Operator bypassed the rotating equipment interlock during operations. Prototype record 637.,Operations,Moving Machinery,Authorization,FAILED,bypassed,true,HIGH,Bypassing Safety Controls,SYNTHETIC
SYN-0638,NEAR_MISS,Approved lifting plan was reviewed by the competent person before the lift. Prototype record 638.,Lifting,Suspended Load,Lifting Plan,EFFECTIVE,,false,LOW,Safe Mechanical Lifting,SYNTHETIC
SYN-0639,NEAR_MISS,Worker used ladder at height without fall protection. Prototype record 639.,Work at Height,Fall Hazard,Fall Protection,FAILED,not used,true,HIGH,Working at Height,SYNTHETIC
SYN-0640,UNSAFE_CONDITION,Energy isolation was verified and documented before scheduled maintenance. Prototype record 640.,Maintenance,Stored Energy,Energy Isolation,EFFECTIVE,,false,LOW,Energy Isolation,SYNTHETIC
